item_code,variant,variant_desctiption,variant_order,vendor,stock_quantity
06830653433M,0,TU,1,011,0
06847012745A,0,TU,1,011,2
068503643810A,0,TU,1,011,2
068595410612A,0,TU,1,011,1
068595413810A,0,TU,1,011,1
068483462035/38,0,TU,1,011,0
068432480212A,0,TU,1,011,3
06851900638A,0,TU,1,011,0
068518463823M,0,TU,1,011,0
06850453174A,0,TU,1,011,1
068404207312M,0,TU,1,011,0
068609111526,0,TU,1,011,0
06840968646A,0,TU,1,011,3
068404207318M,0,TU,1,011,0
009911910910A,0,TU,1,011,0
00977584296M,0,TU,1,011,0
06840991386A,0,TU,1,011,5
068328844223M,0,TU,1,011,1
06760319606A,0,TU,1,011,0
06840951378A,0,TU,1,011,1
068691231723M,0,TU,1,011,0
06852466388A,0,TU,1,011,1
06840986388A,0,TU,1,011,1
068519254214A,0,TU,1,011,0
06843211718A,0,TU,1,011,1
068590763212A,0,TU,1,011,0
06755582104A,0,TU,1,011,0
06851871716M,0,TU,1,011,2
06753781464A,0,TU,1,011,2
068430910912A,0,TU,1,011,4
06756381386A,0,TU,1,011,0
06847171465A,0,TU,1,011,0
067562213810A,0,TU,1,011,0
06851013413A,0,TU,1,011,1
06840958665A,0,TU,1,011,1
06753791457A,0,TU,1,011,0
1253338-46,5,XL,5,012,4
1333198-98,4,L,4,012,1
0083712-24,1,1,1,012,4
1463464-74,2,S,2,012,0
0439770-11,42,42,5,012,0
7122219-05,5,XL,5,012,10
7122219-13,5,XL,5,012,3
0013476-01,36,36,2,012,1
0073666-78,2,S,2,012,0
0243370-11,3,M,3,012,0
9883306-77,37,37,9,012,2
0433649-51,48,48,8,012,1
0439770-51,44,44,6,012,0
7122224-86,2,S,2,012,0
1253332-11,3,M,3,012,1
1553692-01,48,48,8,012,1
7122219-69,3,M,3,012,1
6793431-12,2,S,2,012,0
0593884-11,3,M,3,012,0
0243370-06,3,M,3,012,2
8953891-85,2,S,2,012,1
1333195-96,3,M,3,012,1
7953574-34,38,38,3,012,2
0223720-11,4,L,4,012,1
0223713-46,2,S,2,012,0
A26NF-433,L,L,4,017,0
A2FS1W,8,39,9,017,0
A2C31-433,L,L,4,017,7
A2C31-100,L,L,4,017,2
A2Q77M,9,43,7,017,1
A2CZH32-433,35,35,8,017,0
A2QK3M,8.5,42,6,017,1
A2AJ1-N92,XL,XL,5,017,0
A2QKEM,12,46,13,017,0
A2DFM-A58,33,33,6,017,0
A2BPR-100,L,L,4,017,3
A2H4XM,8,25,16,017,0
A2QKEM,9,43,7,017,2
A2EB4-B02,M,M,3,017,2
A41DZW,8,39,9,017,1
A2BPR-001,M,M,3,017,34
A2BYY32-433,33,33,6,017,1
A2BYY32-269,34,34,7,017,0
W2GI31KA0Q1-G6K9,M,M,7,0311,1
O1GA44KABR0-JBLK,S,S,5,0311,6
M1RI36I3Z11-G011,XL,XL,11,0311,1
AW8638MOD03-BLA,T/U,T/U,1,0311,7
FL5NIOSUE08-BLUS,40,40,11,0311,0
W1YI1BI3Z11-G011,S,S,5,0311,5
MBRI25KAVR5-G011,L,L,9,0311,3
5999596-79,4,L,4,034,3
5543618-63,2,S,2,034,0
4276604-01,95,95,6,034,1
5523245-96,4,L,4,034,4
5690994-01,90,90,5,034,0
5182603-01,4,L,4,034,1
6483503-39,95B,95B,26,034,1
6463513-29,2,S,2,034,0
4275144-34,90,90,5,034,0
6463516-57,3,M,3,034,5
5690978-99,90,90,5,034,1
4277163-99,90,90,5,034,3
7682956-01,4,L,4,034,2
4331680-99,4,L,4,034,1
2533671-96,3,M,3,034,1
6463450-59,6,XXL,6,034,2
2543693-65,2,S,2,034,0
2543694-28,5,XL,5,034,0
4463213-66,3,M,3,034,0
4753102-15,2,S,2,034,0
0873823-64,2,S,2,034,2
4343340-75,4,L,4,034,1
8697353466694,0,TU,1,035,7
8697353424243,0,TU,1,035,5
8697353463846,0,TU,1,035,0
8697353487798,0,TU,1,035,6
8697353445095,0,TU,1,035,22
8697353515354,0,TU,1,035,3
8697353553127,0,TU,1,035,3
8697353522703,0,TU,1,035,19
8697353352096,0,TU,1,035,1
8697353426667,0,TU,1,035,153
8697353513473,0,TU,1,035,3
8697353467578,0,TU,1,035,22
8697353469176,0,TU,1,035,21
8697353469794,0,TU,1,035,1
8697353489105,0,TU,1,035,2
8697353523700,0,TU,1,035,13
8697353539350,0,TU,1,035,1
8697353527029,0,TU,1,035,0
8697353390081,0,TU,1,035,45
8697353486630,0,TU,1,035,2
8697353374111,0,TU,1,035,29
8697353417160,0,TU,1,035,6
8697353521928,0,TU,1,035,20
8697353467196,0,TU,1,035,28
8697353287596,0,TU,1,035,14
8697353502095,0,TU,1,035,26
8697353539343,0,TU,1,035,1
8697353445125,0,TU,1,035,13
8697353506680,0,TU,1,035,8
8697353515330,0,TU,1,035,3
8697353501302,0,TU,1,035,43
8697353506956,0,TU,1,035,9
8697353502163,0,TU,1,035,9
8697353373923,0,TU,1,035,2
8697353469817,0,TU,1,035,2
8697353506772,0,TU,1,035,15
8697353502156,0,TU,1,035,10
8697353424236,0,TU,1,035,1
8697353493843,0,TU,1,035,1
8697353423482,0,TU,1,035,10
8697353549670,0,TU,1,035,11
8697353488009,0,TU,1,035,16
8697353457319,0,TU,1,035,11
8697353424403,0,TU,1,035,3
U25DWA00022-1018,44,44,8,039,1
B254WA00085-8172,23,23,4,039,1
D15PAD022RY-6001,36,36,2,039,1
J15AWC0BU85-4231,34,34,9,039,0
M2521GT2600-4399,54,54,4,039,1
M2521TT2924-4491,50,50,2,039,0
M2510BT2649-9000,L,L,4,039,2
U25DXA00047-4002,43,43,6,039,0
U52D7B00046-9999,42,42,4,039,1
M2510BT2649-4386,XL,XL,5,039,1
BOFIRST-211,34-44,W44 L34 ,19,040,9
BOCAL-604,44,44,6,040,2
TEBOSSY-250,S,S,2,040,0
TEBASE-700,L,L,4,040,12
BEPOLO-956,XL,XL,5,040,2
BOSKIN4-103,34-44,W44 L34 ,19,040,10
MASANTAL1-1,M,M,3,040,2
NECETWO-1661,L,L,4,040,1
NEUNIR-2,M,M,3,040,0
TEROND-1890,XL,XL,5,040,1
TEONE-700,L,L,4,040,0
BULOCK-956,M,M,3,040,0
BEBASER-700,L,L,4,040,0
BOCAL-101,46,46,7,040,0
NEUNIR-700,M,M,3,040,2
50466204-421,L,L,3,0413,0
50465581-001,S,S,1,0413,0
50457138-002,XXL,XXL,5,0413,0
50472725-001,XL,XL,4,0413,1
50469313-961,XXL,XXL,5,0413,1
50477874-100,43-46,43-46,4,0413,26
50470205-693,M,M,2,0413,0
50467556-107,XL,XL,4,0413,3
OW56900-0,XL,XL,8,0511,2
OW32034-001,ST,ST,1,0511,15
OW32003-0,ST,ST,1,0511,14
OW41004-0,L,L,6,0511,2
OW22907-G,ST,ST,1,0511,0
OW62119-0,ST,ST,1,0511,3
OW62063-0,ST,ST,1,0511,0
OW22933-0,ST,ST,1,0511,2
OW32293-0,ST,ST,1,0511,14
OW61119-0,ST,ST,1,0511,0
OW81026-0,ST,ST,1,0511,3
BGA6360244-316,ST,ST,1,0515,4
APA3351044-633,ST,ST,1,0515,0
ASA8380M44-692,ST,ST,1,0515,2
BGA6170144-019,ST,ST,1,0515,5
BMA7820144-98A,ST,ST,1,0515,10
BCA7620144-001,ST,ST,1,0515,1
VAA6960S94-742,S,S,2,0515,4
BSA6980144-939,ST,ST,1,0515,2
BSA6900144-98A,ST,ST,1,0515,3
BSA5340144-647,ST,ST,1,0515,3
AAA6311044-31M,ST,ST,1,0515,1
BTA5930244-50F,ST,ST,1,0515,2
AAA8400144-475,ST,ST,1,0515,2
BSA5020144-001,ST,ST,1,0515,3
AGA5620144-487,ST,ST,1,0515,3
BSA5020244-104,ST,ST,1,0515,2
17050100-99,19,XS,2,054,1
87069025-52,20,S,3,054,3
87020536-99,21,M,4,054,1
37050252-20,19,XS,2,054,0
27041118-99,19,XS,2,054,1
27072884-99,19,XS,2,054,0
27048631-51,12,12,11,054,1
87012888-94,19,XS,2,054,1
87034044-52,19,XS,2,054,1
27098635-99,21,M,4,054,0
37091304-TN,40,40,5,054,0
87047129-99,22,L,5,054,0
27087119-01,22,L,5,054,0
27057120-99,21,M,4,054,0
17071072-52,21,M,4,054,0
27081080-75,41,41,7,054,0
27041118-99,20,S,3,054,2
17982502-96,08,08,9,054,0
77930535-94,20,S,3,054,2
27025759-70,40,40,4,054,1
77014408-94,21,M,4,054,2
27008644-70,19,XS,2,054,1
67047891-85,20,S,3,054,1
37030250-43,99,BEZ VELICINA,1,054,0
37021290-TC,32,32,12,054,0
27037120-50,22,L,5,054,0
27027123-02,20,S,3,054,0
17031083-11,19,XS,2,054,0
27070662-TM,38,38,3,054,5
37051270-99,20,S,3,054,1
37061314-43,22,L,5,054,0
17060122-41,40,40,4,054,1
67005953-30,36,36,2,054,0
27057116-05,20,S,3,054,0
27098634-12,20,S,3,054,2
27017891-43,36,36,3,054,0
17082011-43,19,XS,2,054,0
37041307-99,19,XS,2,054,0
27059047-65,21,M,4,054,1
37010100-TN,38,38,3,054,1
37910903-TN,10,10,10,054,3
17020166-01,23,XL,6,054,0
37010472-32,22,L,5,054,0
27007107-99,21,M,4,054,1
37010475-05,22,L,5,054,0
27003270-01,34,34,1,054,1
27028639-01,19,XS,2,054,0
27097117-84,22,L,5,054,0
27092532-99,22,L,5,054,0
27024012-02,19,XS,2,054,0
37001186-99,19,XS,2,054,0
37800460-70,20,S,3,054,0
37092504-50,20,S,3,054,10
27097105-12,36,36,3,054,1
37020451-20,23,XL,6,054,0
27038630-01,19,XS,2,054,1
17064043-10,20,S,3,054,1
87001045-70,06,06,8,054,0
27037123-43,23,XL,6,054,0
27005800-43,20,S,3,054,1
17090183-99,20,S,3,054,1
17050210-99,19,XS,2,054,4
37010361-BL,46,46,8,054,0
37000355-01,21,M,4,054,0
27019049-52,21,M,4,054,3
27057116-05,22,L,5,054,1
27004017-68,21,M,4,054,4
27045760-32,22,L,5,054,0
37050436-99,21,M,4,054,0
27074038-99,23,XL,6,054,1
27014399-99,99,BEZ VELICINA,1,054,1
77930535-07,19,XS,2,054,0
27963262-99,05,5-6,3,054,0
77010539-01,20,S,3,054,1
77009215-99,21,M,4,054,1
87029029-99,20,S,3,054,1
87017124-37,19,XS,2,054,1
27097113-99,20,S,3,054,2
27002514-09,99,BEZ VELICINA,1,054,0
RPL001474,L,L,4,0611,0
RPL001460,XL,XL,5,0611,0
RPL001640,UNIC,UNIC,1,0611,6
RPL001466,M,M,3,0611,0
RPL001455,XXL,XXL,6,0611,2
RPL001409,32-32,32-32,8,0611,2
RPL001080,XS,XS,1,0611,1
RPL001456,XL,XL,5,0611,1
06847272067A,0,TU,1,011,0
06828604226M,0,TU,1,011,2
06847452105A,0,TU,1,011,2
068699162127/30,0,TU,1,011,1
06508031386A,0,TU,1,011,2
068524175910A,0,TU,1,011,0
068549389023M,0,TU,1,011,0
066091117118M,0,TU,1,011,0
065408613823M,0,TU,1,011,1
068523895910A,0,TU,1,011,1
06851783339M,0,TU,1,011,1
00979831469M,0,TU,1,011,0
06864446383A,0,TU,1,011,1
06860458006M,0,TU,1,011,0
068427607323M,0,TU,1,011,0
06757341384A,0,TU,1,011,0
068306380518M,0,TU,1,011,0
06758124296M,0,TU,1,011,1
068409686410A,0,TU,1,011,4
06852408644A,0,TU,1,011,0
06847681723M,0,TU,1,011,0
06859985188A,0,TU,1,011,1
06859076326A,0,TU,1,011,1
06846983176A,0,TU,1,011,0
06850454228A,0,TU,1,011,2
06851451153A,0,TU,1,011,1
068288615023M,0,TU,1,011,0
06840981385A,0,TU,1,011,0
06853254423A,0,TU,1,011,1
06858033153A,0,TU,1,011,1
06843188009M,0,TU,1,011,1
065051142212A,0,TU,1,011,0
06758958644A,0,TU,1,011,0
065056510029,0,TU,1,011,1
009894162014A,0,TU,1,011,1
06847344296A,0,TU,1,011,0
068347313814A,0,TU,1,011,0
06851688009M,0,TU,1,011,0
06852468664A,0,TU,1,011,0
06860492749M,0,TU,1,011,1
06843248026A,0,TU,1,011,0
06843327595A,0,TU,1,011,2
068474111512A,0,TU,1,011,2
06856399166A,0,TU,1,011,0
06860538333M,0,TU,1,011,1
06869314084A,0,TU,1,011,2
068517833323M,0,TU,1,011,0
06612531726M,0,TU,1,011,1
06753749267A,0,TU,1,011,1
0439819-54,42,42,5,012,0
7953538-15,38,38,3,012,2
1453616-13,5,XL,5,012,0
6833914-94,40,40,4,012,0
1553703-11,4,L,4,012,1
1453654-01,4,L,4,012,1
7122219-99,7,XXXL,7,012,9
1553692-38,48,48,8,012,0
1253329-14,5,XL,5,012,1
6793430-51,36,36,2,012,0
8551022-25,2,S,2,012,0
6833930-11,34,34,1,012,0
6792339-20,36,36,2,012,1
1253322-11,4,L,4,012,3
1253321-17,4,L,4,012,0
0243370-11,6,XXL,6,012,2
7953562-11,36,36,2,012,1
0439770-46,44,44,6,012,0
0223713-46,4,L,4,012,3
0943162-13,5,XL,5,012,2
0092886-97,4,L,4,012,1
2839407-11,2,S,2,012,1
7953536-29,38,38,3,012,0
6793435-51,42,42,5,012,0
1439839-13,3,M,3,012,2
1553693-46,50,50,9,012,0
0943164-14,4,L,4,012,0
7122220-46,6,XXL,6,012,3
7122219-27,5,XL,5,012,3
0263389-66,4,L,4,012,0
7122219-05,4,L,4,012,3
0439665-51,42,42,5,012,0
0013471-10,32,32,12,012,0
A2D8B-433,XXL,XXL,6,017,0
A2DFM-433,33,33,6,017,1
A2BPR-CL4,S,S,2,017,0
10061W,9.5,43.5,8,017,43
A41KC-A58,L,L,4,017,0
A2AJ1-P57,M,M,3,017,4
A2QGBM,8,41.5,5,017,0
V2GD08FL04P-G5P3,M,M,7,0311,0
W1GK1FWDW52-P9RH,M,M,7,0311,1
W2GD51K4JZ0-P82U,S,S,5,0311,1
O1BA15ZZ04S-PSPK,XS/S,XS/S,4,0311,1
FM7VRLLEA12-WHIB,44,44,10,0311,1
SWZG8500440-LGC,T/U,T/U,1,0311,0
W2GD44WEJV0-P61J,S,S,5,0311,0
1GG7206875Z-P1AJ,M,M,7,0311,0
5663643-70,5,XL,5,034,0
5543621-29,4,L,4,034,3
6483508-01,90B,90B,22,034,1
6483542-11,95B,95B,26,034,0
7913011-01,100C,100C,31,034,1
4276639-34,1,1,7,034,2
5523219-49,2,S,2,034,1
5543650-57,5,XL,5,034,0
6483512-23,85B,85B,18,034,1
4663511-70,4,L,4,034,0
4933597-02,2,S,2,034,1
0873887-96,2,S,2,034,1
4663515-70,2,S,2,034,0
4302095-01,4,4,11,034,0
4331621-34,3,M,3,034,0
4343346-28,5,XL,5,034,0
7683065-98,2,S,2,034,7
6483516-01,95B,95B,26,034,1
6463405-97,3,M,3,034,3
6483506-63,85B,85B,18,034,1
6483542-11,85B,85B,18,034,2
2173131-99,2,S,2,034,0
4276221-01,85,100,4,034,1
4331702-01,3,M,3,034,0
6469507-01,2,S,2,034,1
8697353501142,0,TU,1,035,27
8697353470165,0,TU,1,035,3
8697353467547,0,TU,1,035,8
8697353452017,0,TU,1,035,23
8697353535055,0,TU,1,035,11
8697353552182,0,TU,1,035,14
8697353508738,0,TU,1,035,1
8697353502071,0,TU,1,035,8
8697353409554,0,TU,1,035,3
8697353493874,0,TU,1,035,7
8697353319457,0,TU,1,035,31
8697353514517,0,TU,1,035,3
8697353502019,0,TU,1,035,16
8697353423703,0,TU,1,035,122
8697353445071,0,TU,1,035,24
8697353539367,0,TU,1,035,13
8697353506765,0,TU,1,035,9
8697353383700,0,TU,1,035,3
8697353339356,0,TU,1,035,4
8697353494130,0,TU,1,035,29
8697353200809,0,TU,1,035,7
8697353260056,0,TU,1,035,2
8697353374135,0,TU,1,035,33
8697353543500,0,TU,1,035,9
8697353478956,0,TU,1,035,9
8697353507915,0,TU,1,035,19
8697353502057,0,TU,1,035,11
8697353423642,0,TU,1,035,28
8697353513510,0,TU,1,035,5
8697353506673,0,TU,1,035,10
8697353467271,0,TU,1,035,25
2227083003744,0,TU,1,035,76
8697353469831,0,TU,1,035,3
8697353445088,0,TU,1,035,27
8697353470189,0,TU,1,035,2
8697353450242,0,TU,1,035,5
8697353548949,0,TU,1,035,3
8697353502040,0,TU,1,035,10
8697353520211,0,TU,1,035,11
D02HNA00022-6738,37,37,4,039,2
U029FB00022-4002,45,45,9,039,0
U047FD0007T-2MF4,40,40,1,039,1
D15PAD022RY-6001,39,39,8,039,0
U15BYA0006K-7000,42,42,4,039,0
U25ELA0EK14-6009,41,41,2,039,0
U16CPA014EK-F42Q,43,43,6,039,0
D154RC08554-0866,38,38,6,039,0
U25DWA000NB-4002,44,44,8,039,0
BEBOXR-250,XL,XL,5,040,0
BOSLIM6-2,34-48,W48 L34 ,21,040,7
TOHENRI-957,34-44,W44 L34 ,19,040,0
TEONE-956,L,L,4,040,2
ROSLACK2BM-250,40,40,4,040,1
BOSKIN4-103,34-42,W42 L34 ,18,040,7
TOREMUS-2,34-42,W42 L34 ,18,040,3
BULOCK-506,S,S,2,040,3
TOCHARLES-2,34-46,W46 L34 ,20,040,7
MASANTAL1-1703,XL,XL,5,040,4
RECEONE1-700,XXL,XXL,6,040,2
50450009-413,43,43,5,0413,1
50470332-033,40,40,2,0413,1
50473786-461,L,L,3,0413,3
50459740-430,3332,33/32,3,0413,0
50468754-405,ONESI,ONESI,3,0413,1
50481138-001,M,M,2,0413,0
50467988-199,44,44,6,0413,0
50477874-100,39-42,39-42,1,0413,2
50467344-683,S,S,1,0413,0
50474421-001,L,L,3,0413,1
50467258-001,XS,XS,101,0413,0
50471366-606,42,42,4,0413,1
OW32164-G,ST,ST,1,0511,0
OW22447-0,ST,ST,1,0511,0
OW63232-R,M,M,4,0511,0
OW62094-0,ST,ST,1,0511,1
OW22188-G,ST,ST,1,0511,4
OW11974-RG001,ST,ST,1,0511,1
OWKS015-0,ST,ST,1,0511,6
OW63232-R,S,S,2,0511,2
OW22796-RG319,ST,ST,1,0511,14
OW22851-R001,ST,ST,1,0511,3
OW61164-WHI,ST,ST,1,0511,1
OW41141-G,XL,XL,8,0511,0
BSA6980144-019,ST,ST,1,0515,7
ASA8410144-70Q,ST,ST,1,0515,0
BSA4580244-682,ST,ST,1,0515,1
BMA7820144-450,ST,ST,1,0515,10
BMA7210444-692,ST,ST,1,0515,3
PDA5150144-001,ST,ST,1,0515,10
BCA7560244-300,ST,ST,1,0515,4
BSA5340144-487,ST,ST,1,0515,3
BSA3960244-600,ST,ST,1,0515,2
AAA7290344-950,ST,ST,1,0515,2
BSA5270444-001,ST,ST,1,0515,1
AGA5620144-70Q,ST,ST,1,0515,1
ANA7290144-621,ST,ST,1,0515,1
BCA7580144-104,ST,ST,1,0515,0
BSA4570144-104,ST,ST,1,0515,3
ANA4610144-682,ST,ST,1,0515,0
AAA8400144-299,ST,ST,1,0515,0
AAA7510444-487,ST,ST,1,0515,1
BSA4920144-001,ST,ST,1,0515,2
ANA4770244-488,ST,ST,1,0515,3
BSA6900144-400,ST,ST,1,0515,5
BTA5070444-001,ST,ST,1,0515,5
BMA7210444-950,ST,ST,1,0515,2
BSA4880344-210,ST,ST,1,0515,2
APA3350744-633,ST,ST,1,0515,1
87069025-40,20,S,3,054,3
27057133-99,19,XS,2,054,1
27055771-70,19,XS,2,054,0
37010101-TC,36,36,2,054,6
37001250-53,08,08,9,054,1
27052506-08,40,40,6,054,0
77010539-99,20,S,3,054,0
87017124-99,19,XS,2,054,2
27008634-20,44,44,7,054,1
37040357-88,22,L,5,054,0
27005774-99,19,XS,2,054,0
27047118-45,21,M,4,054,2
87030569-09,20,S,3,054,0
37860369-02,22,L,5,054,0
27083262-40,21,M,4,054,4
27077741-28,21,M,4,054,1
27008634-20,40,40,5,054,1
37910020-85,20,S,3,054,4
37001240-05,20,S,3,054,0
37050456-32,20,S,3,054,2
37050252-99,20,S,3,054,2
27038646-99,20,S,3,054,3
17010262-99,21,M,4,054,0
37001054-88,21,M,4,054,0
37002004-56,14,14,12,054,1
27019202-02,44,44,7,054,0
37010114-OR,99,BEZ VELICINA,1,054,5
77035929-01,22,L,5,054,0
17050215-70,20,S,3,054,1
27007126-88,22,L,5,054,0
17051072-88,22,L,5,054,0
27098635-99,23,XL,6,054,0
37010416-20,21,M,4,054,0
27024013-85,22,L,5,054,1
27065749-74,20,S,3,054,2
37020377-85,19,XS,2,054,0
37000381-99,21,M,4,054,0
27009075-01,23,XL,6,054,0
27085794-TM,36,36,2,054,1
27037120-50,23,XL,6,054,1
37012003-56,14,14,12,054,0
27064758-99,22,L,5,054,0
27081124-PL,99,BEZ VELICINA,1,054,0
27050819-TG,34,34,1,054,1
37041309-70,22,L,5,054,0
27037131-12,19,XS,2,054,0
37000460-99,19,XS,2,054,0
87010524-99,20,S,3,054,1
27038630-43,22,L,5,054,0
27075912-70,19,XS,2,054,0
27097115-52,22,L,5,054,0
27974381-01,11,11-12,6,054,0
27075769-14,20,S,3,054,0
37082006-99,20,S,3,054,1
17920237-40,21,M,4,054,1
27040896-TM,40,40,4,054,0
27034038-52,22,L,5,054,0
37050246-12,99,BEZ VELICINA,1,054,4
27077118-84,20,S,3,054,0
27098635-99,19,XS,2,054,3
27927745-12,19,XS,2,054,1
27058637-52,40,40,5,054,1
27009002-02,23,XL,6,054,0
17820164-02,20,S,3,054,2
27072528-05,21,M,4,054,0
27078636-43,19,XS,2,054,0
37050779-82,99,BEZ VELICINA,1,054,2
27004377-TC,10,10,10,054,0
27082524-09,99,BEZ VELICINA,1,054,0
87074054-52,20,S,3,054,2
87039036-01,21,M,4,054,2
27068635-65,19,XS,2,054,0
17050105-99,20,S,3,054,6
87075704-68,23,XL,6,054,1
17010103-99,22,L,5,054,1
27094008-99,20,S,3,054,5
17045931-70,36,36,3,054,0
17045931-70,42,42,6,054,0
RPL001550,M,M,3,0611,1
RPL001391,L,L,4,0611,3
RPL001602,42,42,3,0611,2
RPL001483,XS,XS,1,0611,4
RPL001770,M,M,3,0611,0
RPL001401,XXL,XXL,6,0611,0
RPL001620,38,38,3,0611,2
RPL001765,L,L,4,0611,0
RPL001591,36-34,36-34,20,0611,2
RPL001409,32-34,32-34,9,0611,0
RPL001454,XXL,XXL,6,0611,1
RPL001555,S,S,2,0611,0
068445810910A,0,TU,1,011,1
068620807623M,0,TU,1,011,0
06828831463M,0,TU,1,011,0
06841018666A,0,TU,1,011,1
06836688055A,0,TU,1,011,1
068609111533,0,TU,1,011,1
06840991385A,0,TU,1,011,3
06869314086A,0,TU,1,011,1
06840958668A,0,TU,1,011,0
06598801728A,0,TU,1,011,1
06869471718A,0,TU,1,011,0
06851818009M,0,TU,1,011,1
065988017210A,0,TU,1,011,0
065002280012M,0,TU,1,011,0
068469831710A,0,TU,1,011,2
06857921725A,0,TU,1,011,0
06507282064A,0,TU,1,011,1
068590717212A,0,TU,1,011,0
06842574221/3M,0,TU,1,011,2
009662280512/18M,0,TU,1,011,0
06847424223A,0,TU,1,011,1
06851925428A,0,TU,1,011,2
068494280012M,0,TU,1,011,2
068524184112A,0,TU,1,011,0
06756201386A,0,TU,1,011,1
06828668336M,0,TU,1,011,0
068551830512M,0,TU,1,011,2
009169451810A,0,TU,1,011,1
06851412063M,0,TU,1,011,0
068483420631/34,0,TU,1,011,0
009010490010A,0,TU,1,011,5
06851443008A,0,TU,1,011,1
009877412312/18M,0,TU,1,011,0
06823510836A,0,TU,1,011,0
06837449004A,0,TU,1,011,1
068530233118M,0,TU,1,011,0
068498133118M,0,TU,1,011,0
068439299131/32,0,TU,1,011,0
06847272063A,0,TU,1,011,0
068549013818M,0,TU,1,011,0
06848651723A,0,TU,1,011,0
06608287419M,0,TU,1,011,1
06852478478A,0,TU,1,011,0
068720151618M,0,TU,1,011,0
068409586610A,0,TU,1,011,0
068663680722,0,TU,1,011,0
06613427643M,0,TU,1,011,1
068576040026,0,TU,1,011,0
06756221388A,0,TU,1,011,1
068517011518M,0,TU,1,011,0
068432413810A,0,TU,1,011,6
06851610635A,0,TU,1,011,6
06862024213M,0,TU,1,011,1
06847436218A,0,TU,1,011,2
068518080023M,0,TU,1,011,0
06841668008A,0,TU,1,011,1
067618132419/22,0,TU,1,011,1
0273601-60,5,XL,5,012,0
6833940-96,36,36,2,012,1
0439673-48,48,48,8,012,0
0273602-99,3,M,3,012,0
8203105-91,1,1,1,012,4
0599336-56,2,S,2,012,0
0019534-11,34,34,1,012,1
0599298-89,2,S,2,012,0
0439770-01,42,42,5,012,0
0243370-06,5,XL,5,012,1
0093158-13,3,M,3,012,4
8863924-77,3,M,3,012,1
0243355-11,4,L,4,012,4
2993173-66,42,42,2,012,2
8953906-09,5,XL,5,012,0
0949531-58,3,M,3,012,1
7122219-01,6,XXL,6,012,3
2993170-30,44,44,4,012,1
1553703-82,3,M,3,012,1
1553707-01,3,M,3,012,3
0013468-40,32,32,12,012,0
6813151-36,38,38,3,012,1
0439673-10,36,36,2,012,0
1433835-94,3,M,3,012,0
6793443-17,40,40,4,012,0
A29JBM,8.5,42,6,017,0
A29JBM,8,41.5,5,017,0
A2C2R-P47,S,S,2,017,0
A2C6NM,7,40,3,017,0
A1XF2W,9.5,43.5,8,017,1
A29RHM,10,44,9,017,0
A2CZH32-P47,32,32,5,017,0
A2QKEM,8.5,42,6,017,0
A2BYY32-269,35,35,8,017,2
A2G52-J74,M,M,3,017,0
A1BSB-000,UNI,UNI,1,017,216
A2C9232-H87,34,34,7,017,1
A288HW,8,39,9,017,1
W2RD06KAVB3-JTMU,L,L,9,0311,1
V2RP12MC049-P11J,L,L,9,0311,1
GU32023-30,T/U,T/U,1,0311,34
W2GI32K9RM1-F60W,S,S,5,0311,1
W0GI69R8G01-JBLK,L,L,9,0311,6
M1RI71I3Z11-G011,XL,XL,11,0311,4
O1GA53MC03W-JBLK,S,S,5,0311,5
6463427-69,3,M,3,034,1
5523266-29,3,M,3,034,7
5523264-66,5,XL,5,034,2
6483514-97,95B,95B,26,034,1
6463426-97,3,M,3,034,1
3593911-48,5,XL,5,034,0
2533674-70,5,XL,5,034,0
5543639-69,5,XL,5,034,0
4383124-11,1,1,1,034,2
5690951-01,90,90,5,034,0
5523264-66,3,M,3,034,1
5691281-34,1,1,7,034,0
5543618-63,5,XL,5,034,0
5182719-34,2,2,10,034,1
5989779-69,85,100,4,034,0
6463444-96,3,M,3,034,3
5523235-01,4,L,4,034,0
2543694-28,3,M,3,034,0
5182573-34,5,XL,5,034,3
5523264-66,6,XXL,6,034,2
6463419-63,3,M,3,034,0
6463409-39,3,M,3,034,1
4653887-96,100B,100B,30,034,1
5543650-57,3,M,3,034,0
7913000-96,90C,90C,23,034,0
2533674-70,2,S,2,034,0
5523222-17,3,M,3,034,3
5691273-34,85,100,4,034,2
5543614-99,6,XXL,6,034,0
5523240-01,6,XXL,6,034,0
4276450-34,1,1,7,034,4
4343367-03,3,M,3,034,0
4853720-29,6,XXL,6,034,0
7682980-34,5,XL,5,034,0
8697353487989,0,TU,1,035,7
8697353408861,0,TU,1,035,25
8697353469756,0,TU,1,035,4
8697353541971,0,TU,1,035,8
8697353538766,0,TU,1,035,2
8697353476150,0,TU,1,035,0
8697353464867,0,TU,1,035,3
8697353534096,0,TU,1,035,2
8697353423444,0,TU,1,035,4
8697353396533,0,TU,1,035,29
8697353488931,0,TU,1,035,6
8697353469732,0,TU,1,035,3
8697353484926,0,TU,1,035,29
8697353339837,0,TU,1,035,2
8697353376610,0,TU,1,035,1
8697353512407,0,TU,1,035,1
8697353409585,0,TU,1,035,2
8697353551901,0,TU,1,035,15
8697353423710,0,TU,1,035,33
8697353499807,0,TU,1,035,9
8697353502354,0,TU,1,035,14
8697353485299,0,TU,1,035,33
8697353502026,0,TU,1,035,6
8697353506994,0,TU,1,035,7
8697353408847,0,TU,1,035,25
8697353511738,0,TU,1,035,2
8697353199998,0,TU,1,035,5
8697353431050,0,TU,1,035,22
8697353445064,0,TU,1,035,0
8697353470066,0,TU,1,035,3
8697353511622,0,TU,1,035,43
8697353424410,0,TU,1,035,2
8697353488078,0,TU,1,035,17
2221254782377,0,TU,1,035,28
8697353423734,0,TU,1,035,30
U15BYA0006K-9999,44,44,8,039,1
J15AWC0BU85-0899,34,34,9,039,0
M2510AT2649-1492,XXL,XXL,6,039,1
M2510BT2649-4386,L,L,4,039,3
D02HNA00085-1000,38,38,6,039,1
U159XA08522-4002,40,40,1,039,0
B25A7A01422-1208,25,25,6,039,0
TOCHARLES-207,34-42,W42 L34 ,18,040,9
TEONE-435,M,M,3,040,1
BOSLIM6-2,34-46,W46 L34 ,20,040,8
BELINE-1721,L,L,4,040,5
TEONE-956,XL,XL,5,040,2
TEBOX-956,S,S,2,040,1
BEAU-604,S,S,2,040,1
BEBOXR-250,XXL,XXL,6,040,1
NECETWO-1661,XL,XL,5,040,1
BORELAX2-1720,34-42,W42 L34 ,18,040,3
LBENFL2-700,L,L,4,040,0
BOFIRST-103,34-42,W42 L34 ,18,040,6
MASANTAL1-2,XXL,XXL,6,040,1
MIKE-250,M,M,3,040,7
NECETWO-1788,XL,XL,5,040,3
TOREMUS-2,34-46,W46 L34 ,20,040,2
BEDISPLAY-2216,XL,XL,5,040,3
TEONE-1887,XL,XL,5,040,4
NECETWO-1,XL,XL,5,040,10
50474057-610,45,45,7,0413,0
50468742-693,M,M,2,0413,1
50469303-405,M,M,2,0413,0
OW39104-G,ST,ST,1,0511,2
OW22066-R,ST,ST,1,0511,11
OW65063-GOL,ST,ST,1,0511,0
OW32247-0,ST,ST,1,0511,1
OW22204-0,ST,ST,1,0511,1
OW32174-G,ST,ST,1,0511,2
OW22379-G,ST,ST,1,0511,1
OW22066-RG,ST,ST,1,0511,16
OW63520-0,ST,ST,9,0511,4
ANA5790644-13A,ST,ST,1,0515,7
ANA5790644-50G,ST,ST,1,0515,6
PDA5150244-431,ST,ST,1,0515,7
AAA5060744-019,ST,ST,1,0515,6
ASA8410144-475,ST,ST,1,0515,2
ASA8410144-692,ST,ST,1,0515,0
PDA3510344-250,ST,ST,1,0515,1
BSA5310144-647,ST,ST,1,0515,2
BCA7560244-452,ST,ST,1,0515,4
ACA7890544-001,ST,ST,1,0515,3
BSA6010244-019,ST,ST,1,0515,0
BMA7210144-950,ST,ST,1,0515,4
AAA6310144-431,ST,ST,1,0515,1
BGA5820144-939,ST,ST,1,0515,6
ANA8350444-70R,ST,ST,1,0515,2
VVA6560194-022,ST,ST,9,0515,1
VVA6560194-441,ST,ST,9,0515,1
77095956-99,20,S,3,054,3
27059047-65,22,L,5,054,1
37061305-61,20,S,3,054,0
27917106-05,23,XL,6,054,0
17972023-81,23,XL,6,054,1
87068634-52,20,S,3,054,1
17060189-02,21,M,4,054,1
17010802-TM,20,S,3,054,0
87959203-02,19,XS,2,054,0
27037133-TC,40,40,4,054,0
27009204-14,22,L,5,054,0
17081078-52,22,L,5,054,0
27011128-TO,36,36,2,054,2
27068643-02,36,36,3,054,0
37071310-43,20,S,3,054,6
37091300-99,20,S,3,054,1
17947730-49,22,L,5,054,0
27047131-70,20,S,3,054,0
17060121-01,40,40,6,054,0
77060509-37,21,M,4,054,2
37010398-30,22,L,5,054,2
37000025-12,06,06,8,054,1
17054047-PL,30,30,20,054,0
27050350-99,22,L,5,054,0
27034386-06,12,12,11,054,3
27091144-TN,44,44,6,054,1
37050252-20,21,M,4,054,0
27016306-TA,38,38,4,054,0
27018631-16,21,M,4,054,0
87010541-08,22,L,5,054,1
17040330-02,14,14,12,054,0
37040366-TM,34,34,1,054,1
27018631-16,20,S,3,054,1
27092513-TO,14,14,12,054,0
37092504-02,20,S,3,054,4
27077121-TN,36,36,3,054,2
17050182-99,21,M,4,054,0
87046320-80,99,BEZ VELICINA,1,054,0
27055767-87,21,M,4,054,2
27077121-TN,42,42,6,054,0
27018631-56,19,XS,2,054,1
17010769-46,99,BEZ VELICINA,1,054,0
37041307-99,22,L,5,054,0
27065769-20,20,S,3,054,0
37072881-68,21,M,4,054,0
87030569-99,19,XS,2,054,4
87017124-37,20,S,3,054,2
27038630-01,22,L,5,054,1
37010072-99,99,BEZ VELICINA,1,054,3
37010020-32,22,L,5,054,2
27037120-02,23,XL,6,054,0
37910020-85,21,M,4,054,2
27068645-99,22,L,5,054,0
27068634-70,23,XL,6,054,0
37040791-OR,99,BEZ VELICINA,1,054,3
27085759-99,23,XL,6,054,0
37020452-42,21,M,4,054,5
27029203-99,20,S,3,054,0
27041091-56,20,S,3,054,1
17070106-TM,36,36,3,054,0
37021290-TC,42,42,5,054,1
27044029-99,21,M,4,054,0
17030591-TN,36,36,2,054,3
27005782-35,21,M,4,054,1
27008634-99,44,44,7,054,0
27047739-31,23,XL,6,054,0
27075766-84,19,XS,2,054,1
27083262-40,20,S,3,054,2
RPL001814,L,L,4,0611,0
RPL001764,XL,XL,5,0611,0
RPL001767,L,L,4,0611,0
RPL001544,M,M,3,0611,1
RPL001770,L,L,4,0611,2
RPL001440,L,L,4,0611,1
RPL001664,32-32,32-32,8,0611,0
RPL001127,XXS,XXS,9,0611,0
RPL001821,33-32,33-32,11,0611,0
RPL000450,28,28,5,0611,2
06828854299M,0,TU,1,011,0
068693227410A,0,TU,1,011,0
068592162410A,0,TU,1,011,0
06843241383A,0,TU,1,011,6
00979851386M,0,TU,1,011,1
06843790763M,0,TU,1,011,1
065075713823M,0,TU,1,011,0
06848654226A,0,TU,1,011,1
06831964001/3M,0,TU,1,011,0
068366515510A,0,TU,1,011,1
06840991388A,0,TU,1,011,5
06840951374A,0,TU,1,011,3
068304380912M,0,TU,1,011,0
009658523310A,0,TU,1,011,0
06851603068A,0,TU,1,011,2
068524086410A,0,TU,1,011,0
068516030610A,0,TU,1,011,1
067606127018M,0,TU,1,011,1
06837921468A,0,TU,1,011,0
067560243410A,0,TU,1,011,1
06852461378A,0,TU,1,011,2
06852461376A,0,TU,1,011,0
06851925426A,0,TU,1,011,0
068570030227,0,TU,1,011,0
068306091718M,0,TU,1,011,0
06507487033A,0,TU,1,011,0
068306534312M,0,TU,1,011,0
06851603065A,0,TU,1,011,2
068663290121,0,TU,1,011,0
06856693179M,0,TU,1,011,1
06851601155A,0,TU,1,011,4
06843298009M,0,TU,1,011,0
06856388005A,0,TU,1,011,0
06848218056A,0,TU,1,011,0
068471542210A,0,TU,1,011,2
068471542212A,0,TU,1,011,1
06859082658A,0,TU,1,011,0
068426510013/14,0,TU,1,011,0
068548674212M,0,TU,1,011,0
068527615718M,0,TU,1,011,0
00977881066/12M,0,TU,1,011,1
06847369165A,0,TU,1,011,0
0433649-01,48,48,8,012,1
6793427-99,4,L,4,012,0
7122219-11,5,XL,5,012,22
6833943-92,36,36,2,012,0
9883322-51,38,38,10,012,2
7122219-99,5,XL,5,012,38
8863922-55,2,S,2,012,2
9999167-98,4,L,4,012,0
8203106-01,1,1,1,012,1
0223713-46,3,M,3,012,4
6793422-51,38,38,3,012,0
0593882-16,5,XL,5,012,2
1553707-51,3,M,3,012,2
1433833-94,3,M,3,012,1
7122219-13,2,S,2,012,1
7122219-01,4,L,4,012,8
6829848-14,38,38,3,012,0
1553693-11,50,50,9,012,0
0593895-89,3,M,3,012,1
7122221-11,5,XL,5,012,1
7122219-99,4,L,4,012,5
6793427-16,3,M,3,012,0
7122224-86,3,M,3,012,1
2993164-12,42,42,2,012,0
7122219-05,3,M,3,012,1
1433830-13,5,XL,5,012,1
A2BYY32-001,40,40,11,017,0
A2DFM-288,40,40,11,017,0
A2BPR-100,S,S,2,017,4
A5ZX5-001,L,L,4,017,1
A2BQE-100,M,M,3,017,0
A2BPR-A58,S,S,2,017,4
A26N4-288,L,L,4,017,2
A41DZW,7,38,7,017,0
A5ZX5-001,S,S,2,017,0
A2QGBM,7.5,41,4,017,0
A26N4-100,S,S,2,017,0
A2JWPW,8.5,42,6,017,1
A2FBD-001,L,L,4,017,1
A2921M,11.5,45.5,12,017,0
A2C31-100,M,M,3,017,6
AW8784VIS03-RWM,T/U,T/U,1,0311,2
M1RI36I3Z11-JBLK,XL,XL,11,0311,2
M1RI36I3Z11-G011,L,L,9,0311,8
HWAILEP1416-SGN,T/U,T/U,1,0311,1
W2RI20KAKZ3-G011,XL,XL,11,0311,0
W1YK0AK8RT2-JBLK,S,S,5,0311,0
Z2GD00KB210-G7HQ,L,L,9,0311,1
E2GO12MC04Q-P9JS,M,M,7,0311,1
V2GQ23K7UW2-G6M1,S,S,5,0311,3
M1RI36I3Z11-JBLK,L,L,9,0311,9
W1YA03D4ER2-BLFX,28,28,6,0311,2
V2RP00MC03W-P9IX,XS,XS,3,0311,1
3633443-01,4,L,4,034,0
5523256-23,3,M,3,034,2
5523262-20,5,XL,5,034,0
3703216-29,3,M,3,034,0
6463420-01,2,S,2,034,1
6483618-97,90B,90B,22,034,2
6483623-22,95B,95B,26,034,0
6489397-01,90,90,5,034,1
5989841-48,95,95,6,034,1
6483518-69,95D,95D,28,034,0
5999693-48,2,S,2,034,2
4933599-97,4,L,4,034,0
5523216-94,3,M,3,034,1
5523218-97,2,S,2,034,1
4343340-75,5,XL,5,034,0
6463502-22,3,M,3,034,1
4276582-01,95,95,6,034,3
6463504-64,5,XL,5,034,2
5523238-23,6,XXL,6,034,0
2533673-72,4,L,4,034,2
0873829-71,5,XL,5,034,0
5523270-64,3,M,3,034,4
5523241-69,3,M,3,034,2
5523259-64,2,S,2,034,5
6463499-97,3,M,3,034,2
5163194-01,39,39,17,034,1
7682956-99,4,L,4,034,1
0873879-71,4,L,4,034,1
5989817-73,85,100,4,034,2
7682921-99,4,L,4,034,4
0873897-02,5,XL,5,034,1
7682964-99,4,L,4,034,4
5663643-70,4,L,4,034,0
4343324-70,100B,100B,30,034,1
8697353501265,0,TU,1,035,0
8697353494277,0,TU,1,035,2
8697353484889,0,TU,1,035,3
8697353424472,0,TU,1,035,3
8697353469725,0,TU,1,035,2
8697353514548,0,TU,1,035,3
8697353488061,0,TU,1,035,13
8697353494253,0,TU,1,035,1
8697353423789,0,TU,1,035,33
8697353523670,0,TU,1,035,22
8697353554087,0,TU,1,035,1
8697353506932,0,TU,1,035,6
8697353431067,0,TU,1,035,13
8697353506598,0,TU,1,035,8
8697353424519,0,TU,1,035,3
8697353478888,0,TU,1,035,3
8697353423536,0,TU,1,035,110
8697353478833,0,TU,1,035,5
8697353274749,0,TU,1,035,0
8697353478895,0,TU,1,035,3
8697353514524,0,TU,1,035,2
8697353423437,0,TU,1,035,18
8697353506802,0,TU,1,035,6
8697353506796,0,TU,1,035,11
8697353511615,0,TU,1,035,30
8697353540035,0,TU,1,035,2
8697353487910,0,TU,1,035,11
8697353488085,0,TU,1,035,17
8697353554483,0,TU,1,035,13
2227083003737,0,TU,1,035,45
8697353339332,0,TU,1,035,7
8697353487972,0,TU,1,035,6
8697353476143,0,TU,1,035,8
8697353374142,0,TU,1,035,20
8697353487996,0,TU,1,035,5
U04D7E000KH-9299,44,44,8,039,0
D151BA085RY-0232,39,39,8,039,2
D154RC0CL54-0211,37,37,4,039,0
M2521TT2924-4491,48,48,1,039,1
U04D7F0007T-9997,44,44,8,039,1
U25EAB00085-1001,42,42,4,039,0
M2528BT2919-2132,56,56,5,039,0
M2510BT2649-7217,L,L,4,039,3
TOCHARLES-2,34-44,W44 L34 ,19,040,9
TEBASE-2216,XXL,XXL,6,040,2
TEONE-1788,L,L,4,040,2
BEPOLO-1852,L,L,4,040,0
TONARA5-211,34-44,W44 L34 ,19,040,4
VESIX-956,M,M,3,040,0
BEPOLO-250,M,M,3,040,4
BEBRIGHT-250,L,L,4,040,3
TOHENRI-2,34-48,W48 L34 ,21,040,6
TEONE-1887,M,M,3,040,2
BONERO15-2,34-46,W46 L34 ,20,040,0
MASANTAL1-2,S,S,2,040,0
NEUNIR-700,XXL,XXL,6,040,6
BELINE-572,M,M,3,040,2
50467384-693,L,L,3,0413,0
50467321-464,L,L,3,0413,0
50480170-005,L,L,3,0413,2
50469708-060,L,L,3,0413,2
50463825-001,L,L,3,0413,0
50425897-459,41,41,3,0413,0
50472707-001,XL,XL,4,0413,1
50425897-459,43,43,5,0413,0
OWL1011DIV-0,ST,ST,1,0511,15
OW12126-0,ST,ST,1,0511,12
OW32296-RG,ST,ST,1,0511,7
OW65056-GOL,ST,ST,1,0511,2
OW12186-0,ST,ST,1,0511,2
OW63225-0,M,M,4,0511,4
OW11910-R,ST,ST,1,0511,3
OW22759-RG001,ST,ST,1,0511,1
OW22730-BLU,ST,ST,1,0511,2
OW55011-0,ST,ST,1,0511,1
BGA6350144-219,ST,ST,1,0515,5
BSA7020144-001,ST,ST,1,0515,12
BSA6140644-001,ST,ST,1,0515,3
BSA5370244-682,ST,ST,1,0515,5
AAA6310844-001,ST,ST,1,0515,0
BSA4880144-001,ST,ST,1,0515,0
ANA7290144-98A,ST,ST,1,0515,2
BMA7820144-66A,ST,ST,1,0515,10
BTA7840144-475,ST,ST,1,0515,8
BMA8470144-672,ST,ST,1,0515,4
BMA8470144-424,ST,ST,1,0515,11
BCA7560244-400,ST,ST,1,0515,0
AAA9480144-001,ST,ST,1,0515,1
BCA6870344-104,ST,ST,1,0515,0
AAA6311344-31M,ST,ST,1,0515,1
BTA6530144-440,ST,ST,1,0515,0
BGA6170244-019,ST,ST,1,0515,14
BTA5070644-001,ST,ST,1,0515,10
BSA6900344-98A,ST,ST,1,0515,5
ANA7990144-185,ST,ST,1,0515,4
BSA6140844-001,ST,ST,1,0515,2
BTA5070544-600,ST,ST,1,0515,4
27000952-TG,38,38,3,054,5
27071092-OR,99,BEZ VELICINA,1,054,1
37050003-99,99,BEZ VELICINA,1,054,0
87014058-52,23,XL,6,054,1
87014774-52,19,XS,2,054,1
87087125-11,20,S,3,054,2
87087157-99,19,XS,2,054,1
87097131-05,20,S,3,054,1
27017746-12,19,XS,2,054,1
17060108-BL,34,34,2,054,0
27095782-50,19,XS,2,054,0
77010539-70,23,XL,6,054,1
87037160-02,21,M,4,054,3
37010468-30,21,M,4,054,0
27095751-45,14,14,12,054,1
27038637-37,22,L,5,054,0
87037160-99,21,M,4,054,3
87077125-99,20,S,3,054,0
37010481-11,19,XS,2,054,0
27011125-TM,36,36,2,054,3
27067116-10,22,L,5,054,0
37071310-43,22,L,5,054,3
77008263-99,19,XS,2,054,0
37002004-49,14,14,12,054,0
27054389-37,14,14,12,054,0
37001059-99,14,14,12,054,0
27092513-TG,07,7-8,4,054,0
77930535-94,19,XS,2,054,1
87067132-99,19,XS,2,054,1
27008633-87,19,XS,2,054,1
27068637-01,22,L,5,054,0
37010416-20,22,L,5,054,0
27097113-14,19,XS,2,054,3
27009403-68,21,M,4,054,0
17061076-40,20,S,3,054,0
37050456-32,19,XS,2,054,2
37061316-88,20,S,3,054,0
27067122-TM,32,32,1,054,0
37010045-99,99,BEZ VELICINA,1,054,23
27081138-99,19,XS,2,054,0
37000460-99,20,S,3,054,0
67005953-PL,36,36,2,054,0
17081509-02,22,L,5,054,0
27001290-99,08,08,9,054,1
37091304-TN,38,38,4,054,1
17094030-94,08,08,9,054,1
27078636-99,19,XS,2,054,0
27051115-20,99,BEZ VELICINA,1,054,0
27031151-99,22,L,5,054,0
27067743-20,19,XS,2,054,1
27001300-28,20,S,3,054,0
27091084-02,06,06,8,054,1
37001240-05,21,M,4,054,0
37040360-70,19,XS,2,054,0
27087742-08,20,S,3,054,0
27019049-01,21,M,4,054,1
37010044-99,99,BEZ VELICINA,1,054,0
87081027-56,05,5-6,3,054,1
RPL000765,34-32,34-32,15,0611,2
RPL001770,XL,XL,5,0611,1
RPL001654,M,M,3,0611,0
RPL001812,L,L,4,0611,3
06855682749M,0,TU,1,011,1
068409530010A,0,TU,1,011,4
0682869404T.U,0,TU,1,011,2
06840738668A,0,TU,1,011,2
06856361722A,0,TU,1,011,2
068517280023M,0,TU,1,011,0
068404515018M,0,TU,1,011,1
06847701603M,0,TU,1,011,0
068516106310A,0,TU,1,011,0
06834738196A,0,TU,1,011,0
06840981384A,0,TU,1,011,4
068432611118M,0,TU,1,011,1
06757644162A,0,TU,1,011,1
068366142910A,0,TU,1,011,0
06847289918/14A,0,TU,1,011,2
06613417643A,0,TU,1,011,0
06504401708A,0,TU,1,011,0
06854867423M,0,TU,1,011,0
06843208009M,0,TU,1,011,0
06774191384A,0,TU,1,011,1
068605383312M,0,TU,1,011,0
06840451503A,0,TU,1,011,1
06840738665A,0,TU,1,011,3
06851601154A,0,TU,1,011,2
0684695429T.U,0,TU,1,011,5
06852511383A,0,TU,1,011,0
068620563218M,0,TU,1,011,0
06847344293A,0,TU,1,011,0
068623463218M,0,TU,1,011,0
06847483336A,0,TU,1,011,0
06856399168A,0,TU,1,011,1
067618099115/18,0,TU,1,011,1
06832884423M,0,TU,1,011,0
068426510015/18,0,TU,1,011,0
066133713812M,0,TU,1,011,2
06837921469A,0,TU,1,011,0
0092694265T.U,0,TU,1,011,7
06856404748A,0,TU,1,011,1
06843246384A,0,TU,1,011,2
0676694100T.U,0,TU,1,011,4
1439766-79,3,M,3,012,0
1413178-85,4,L,4,012,0
8953906-09,4,L,4,012,0
1383242-54,5,XL,5,012,0
6793455-55,36,36,2,012,1
1553704-46,44,44,6,012,0
1433823-77,7,XXXL,7,012,1
7953545-14,40,40,4,012,1
3283416-13,6,XXL,6,012,0
8523891-84,1,1,1,012,1
0439665-13,42,42,5,012,0
7953556-77,38,38,3,012,1
1559346-91,3,M,3,012,1
8863921-36,3,M,3,012,1
1253340-08,4,L,4,012,0
8523889-95,1,1,1,012,2
0433649-01,44,44,6,012,1
8203104-91,1,1,1,012,4
7122222-63,6,XXL,6,012,2
6793449-55,40,40,4,012,1
7122224-17,4,L,4,012,1
7953538-15,40,40,4,012,1
7953562-11,38,38,3,012,0
7122219-86,5,XL,5,012,2
0263345-99,5,XL,5,012,0
0243370-11,4,L,4,012,1
0273608-23,5,XL,5,012,0
0019526-01,34,34,1,012,1
7953535-01,38,38,3,012,0
0439770-46,42,42,5,012,4
A2E8JM,8,41.5,5,017,1
A2BPR-100,M,M,3,017,25
A2BYY32-433,38,38,10,017,1
A2C2R-001,L,L,4,017,1
A2A4FW,10.5,44.5,10,017,0
A2QDQ-P47,UNI,UNI,1,017,0
A127MM,11.5,29,9,017,2
A2HNNM,4,34.5,1,017,0
A2BPR-052,L,L,4,017,0
A2BPR-269,XXL,XXL,6,017,0
A2BPR-CL6,M,M,3,017,0
A26N4-288,M,M,3,017,2
A26NF-G99,M,M,3,017,0
A2D8K-433,S,S,2,017,1
12907M,4.5,37,3,017,99
A2MVZ-A58,L,L,4,017,0
A2FBD-288,L,L,4,017,10
V2GQ24KAMN2-G4P7,M,M,7,0311,2
W2GI31KA0Q1-G011,S,S,5,0311,3
O1YA42ZZ04M-F9PP,M/L,M/L,8,0311,0
W2RK03D3ZTC-VEND,M,M,7,0311,4
W1YI90J1311-JBLK,S,S,5,0311,2
W2RD06KAVB3-JTMU,M,M,7,0311,0
2763220-27,4,L,4,034,1
2533674-70,3,M,3,034,1
5523260-22,5,XL,5,034,0
6463453-73,5,XL,5,034,0
6483563-97,95B,95B,26,034,1
5523263-31,4,L,4,034,1
4383129-38,1,1,1,034,8
4277333-99,95,95,6,034,4
5523240-01,4,L,4,034,2
3413695-72,6,XXL,6,034,1
6463429-01,4,L,4,034,0
5353881-01,4,L,4,034,0
4276248-34,85,100,4,034,1
4663518-28,2,S,2,034,0
4463213-66,6,XXL,6,034,0
5523245-96,3,M,3,034,5
5523262-20,4,L,4,034,2
5523239-74,3,M,3,034,6
7682956-34,4,4,11,034,0
5523237-17,6,XXL,6,034,0
4276256-99,90B,90B,22,034,8
4443606-98,2,S,2,034,1
2533674-70,4,L,4,034,0
4933601-15,2,S,2,034,1
4933569-69,4,L,4,034,1
6469841-01,2,S,2,034,5
8697353428913,0,TU,1,035,42
8697353487194,0,TU,1,035,7
8697353441844,0,TU,1,035,15
8697353505942,0,TU,1,035,23
8697353423802,0,TU,1,035,6
8697353464850,0,TU,1,035,2
8697353476167,0,TU,1,035,2
8697353478918,0,TU,1,035,4
8697353500428,0,TU,1,035,6
8697353417146,0,TU,1,035,9
8697353423857,0,TU,1,035,0
8697353423833,0,TU,1,035,0
8697353392245,0,TU,1,035,14
8697353321207,0,TU,1,035,2
8697353470110,0,TU,1,035,3
8697353481680,0,TU,1,035,1
8697353470172,0,TU,1,035,1
8697353506918,0,TU,1,035,12
8697353481673,0,TU,1,035,2
8697353467295,0,TU,1,035,19
8697353539374,0,TU,1,035,12
8697353463808,0,TU,1,035,0
8697353135699,0,TU,1,035,2
8697353505928,0,TU,1,035,6
8697353492235,0,TU,1,035,2
8697353408878,0,TU,1,035,0
8697353485312,0,TU,1,035,59
8697353499821,0,TU,1,035,20
8697353478826,0,TU,1,035,2
8697353469701,0,TU,1,035,2
8697353501296,0,TU,1,035,1
8697353540042,0,TU,1,035,3
8697353502132,0,TU,1,035,14
8697353534416,0,TU,1,035,2
8697353478949,0,TU,1,035,12
8697353453137,0,TU,1,035,26
M2521TT2924-3150,58,58,6,039,1
U25ECA02214-1010,44,44,8,039,1
M2510BT2649-3229,L,L,4,039,2
TEONE-1788,XXL,XXL,6,040,1
TEBOX-956,L,L,4,040,3
TOCHARLES-207,34-48,W48 L34 ,21,040,7
BELINE-700,XL,XL,5,040,3
LBONFLJOG1-6006,L,L,4,040,2
TEONE-435,L,L,4,040,0
NECETWOML-1788,M,M,3,040,2
BINOME-956,TU,TU,6,040,6
NECETWO-1,M,M,3,040,12
TEONE-1721,L,L,4,040,0
BEDISPLAY-613,XL,XL,5,040,0
BEPOLO-700,M,M,3,040,5
BENERD-2216,M,M,3,040,0
LBENFL8-250,M,M,3,040,0
RECEONE1-700,XL,XL,5,040,1
NECETWO-2,XXL,XXL,6,040,7
MIKE-956,L,L,4,040,3
VUBUBBLE-1762,M,M,3,040,0
NEUNIR-700,XL,XL,5,040,8
50473496-741,L,L,3,0413,0
50469778-001,M,M,2,0413,0
50482732-001,S,S,1,0413,0
50450179-199,L,L,3,0413,0
50466748-030,3034,30/34,111,0413,0
50468272-100,M,M,2,0413,0
50469708-060,XL,XL,4,0413,0
50474421-001,XXL,XXL,5,0413,0
50469311-330,S,S,1,0413,0
OW39104-0,ST,ST,1,0511,6
OW12161-0,ST,ST,1,0511,7
OW22412-R,ST,ST,1,0511,3
OWL2010QUE-0,ST,ST,1,0511,1
OW41115-R,M,M,4,0511,1
OW12052-R205,ST,ST,1,0511,5
OW41064-215,M,M,4,0511,2
OW32034-RG,ST,ST,1,0511,14
OW63233-0,S,S,2,0511,1
OW39102-0,ST,ST,1,0511,5
OW12034-0,ST,ST,1,0511,1
BTA7660144-001,ST,ST,1,0515,5
PDA5150144-600,ST,ST,1,0515,8
BSA4580244-001,ST,ST,1,0515,5
BSA4570144-98A,ST,ST,1,0515,8
PDA5150244-600,ST,ST,1,0515,8
BMA8350544-019,ST,ST,1,0515,3
PDA5300244-647,ST,ST,1,0515,1
ACA7890244-171,ST,ST,1,0515,2
BPA5480344-250,ST,ST,1,0515,2
ANA5450144-647,ST,ST,1,0515,2
AAA6450344-424,ST,ST,1,0515,5
BTA6070344-50E,ST,ST,1,0515,2
AAA6310844-621,ST,ST,1,0515,1
APA5150344-431,ST,ST,1,0515,3
BSA6900244-001,ST,ST,1,0515,4
BSA4570244-98A,ST,ST,1,0515,3
27050355-99,20,S,3,054,3
17050182-47,20,S,3,054,2
17040984-02,12,12,11,054,1
77010539-01,19,XS,2,054,1
17092020-99,21,M,4,054,0
37960369-20,19,XS,2,054,0
37040026-99,40,40,6,054,0
37061316-88,21,M,4,054,0
37810456-20,21,M,4,054,2
37050251-06,22,L,5,054,3
37001054-30,21,M,4,054,1
27068643-02,34,34,2,054,0
37000007-35,20,S,3,054,1
37000007-01,22,L,5,054,1
27077742-08,22,L,5,054,1
37001043-88,19,XS,2,054,1
27077879-43,22,L,5,054,0
27047743-43,21,M,4,054,0
27075769-84,21,M,4,054,0
27097113-14,21,M,4,054,1
27057118-87,22,L,5,054,0
37021290-TC,38,38,3,054,3
37040361-30,21,M,4,054,0
37050456-32,22,L,5,054,1
27028630-99,19,XS,2,054,0
27068632-30,19,XS,2,054,0
27038630-01,21,M,4,054,1
37040360-43,20,S,3,054,4
37040360-70,20,S,3,054,1
17001134-40,20,S,3,054,0
27040069-08,36,36,3,054,0
37050255-88,21,M,4,054,2
87048630-99,22,L,5,054,1
17023787-56,22,L,5,054,2
37810456-20,19,XS,2,054,0
37022506-02,22,L,5,054,2
27024762-TM,36,36,2,054,0
27024011-99,20,S,3,054,2
17051073-05,21,M,4,054,0
27068645-99,20,S,3,054,3
77957639-56,23,XL,6,054,0
27067110-30,21,M,4,054,0
87007658-50,10,10,10,054,0
27045772-02,20,S,3,054,0
27099045-43,20,S,3,054,0
27067889-37,20,S,3,054,0
27027126-BL,36,36,3,054,2
17069085-99,19,XS,2,054,0
37061316-88,19,XS,2,054,0
77035929-01,23,XL,6,054,1
37082006-99,22,L,5,054,0
27064013-84,20,S,3,054,2
37081301-85,21,M,4,054,1
37001323-85,21,M,4,054,2
27047743-43,19,XS,2,054,0
27067116-85,22,L,5,054,0
27022507-99,99,BEZ VELICINA,1,054,1
27091084-02,07,7-8,4,054,0
87039030-99,21,M,4,054,3
27046304-PL,34,34,14,054,1
27059048-08,21,M,4,054,1
37010481-81,21,M,4,054,1
RPL001547,L,L,4,0611,3
RPL000791,M,M,3,0611,1
RPL001593,36-34,36-34,20,0611,1
RPL001487,M,M,3,0611,2
RPL001587,34-32,34-32,15,0611,0
06829791723M,0,TU,1,011,1
068468951623/26,0,TU,1,011,1
068458380028,0,TU,1,011,1
06847458005A,0,TU,1,011,1
06500249163M,0,TU,1,011,1
06847361206A,0,TU,1,011,2
06862346323M,0,TU,1,011,1
06862103009M,0,TU,1,011,1
00978058023M,0,TU,1,011,0
06856378006A,0,TU,1,011,0
0682950245T.U,0,TU,1,011,3
065064270331,0,TU,1,011,0
06850453176A,0,TU,1,011,0
06857898006A,0,TU,1,011,1
0682874422T.U,0,TU,1,011,3
06836613055A,0,TU,1,011,1
06843246386A,0,TU,1,011,5
06828594046M,0,TU,1,011,0
06869471714A,0,TU,1,011,1
06847184385A,0,TU,1,011,0
068621280012M,0,TU,1,011,0
06845793179M,0,TU,1,011,0
065064307934,0,TU,1,011,1
06840991383A,0,TU,1,011,1
06829794429M,0,TU,1,011,0
068328844212M,0,TU,1,011,1
06843174229M,0,TU,1,011,1
06846992068A,0,TU,1,011,0
06836688056A,0,TU,1,011,0
06832551726A,0,TU,1,011,0
06843208006M,0,TU,1,011,0
068483420623/26,0,TU,1,011,0
009783505412M,0,TU,1,011,0
06855183053A,0,TU,1,011,0
06841668004A,0,TU,1,011,1
067537214510A,0,TU,1,011,2
06847278413A,0,TU,1,011,0
06858029163A,0,TU,1,011,1
06856388002A,0,TU,1,011,1
06613437643M,0,TU,1,011,0
009914221031/34,0,TU,1,011,1
06843271716M,0,TU,1,011,1
068515886612A,0,TU,1,011,0
06613378003M,0,TU,1,011,2
06847368006A,0,TU,1,011,1
068474111510A,0,TU,1,011,1
06840958666A,0,TU,1,011,0
06760319603A,0,TU,1,011,0
06756379166A,0,TU,1,011,0
0684825516T.U,0,TU,1,011,7
06829794423M,0,TU,1,011,1
009669010127/30,0,TU,1,011,1
2993173-01,42,42,2,012,0
0943164-14,5,XL,5,012,0
7122220-46,5,XL,5,012,8
8863926-11,2,S,2,012,0
0279919-66,2,S,2,012,0
0263399-77,6,XXL,6,012,1
7122224-11,5,XL,5,012,4
0439770-01,44,44,6,012,0
6793443-17,38,38,3,012,0
0263399-77,5,XL,5,012,0
7953560-85,38,38,3,012,0
1553707-51,4,L,4,012,1
0263407-12,4,L,4,012,1
0263390-62,5,XL,5,012,0
0013468-40,38,38,3,012,0
1553696-42,2,S,2,012,0
0223705-01,5,XL,5,012,0
1433841-01,2,S,2,012,0
1553696-42,5,XL,5,012,0
8522240-35,1,1,1,012,2
A2CKP-433,L,L,4,017,6
A2BPR-433,XL,XL,5,017,9
A414SM,9.5,43.5,8,017,1
A2C2R-100,XL,XL,5,017,0
A2JX1W,9.5,43.5,8,017,1
A2FABM,9,43,7,017,1
A2EB4-Z16,S,S,2,017,1
A2BXHW,9,43,7,017,2
A2CZH32-433,34,34,7,017,0
A2D8B-433,XL,XL,5,017,0
A2C9232-A11,38,38,10,017,1
W1RP04KAVF1-JBLK,S,S,5,0311,1
M1RI24J1311-LHY,S,S,5,0311,0
W2RK03D3ZTC-VEND,S,S,5,0311,1
W1YI90J1311-G011,M,M,7,0311,0
Z2GI04JR06M-G018,L,L,9,0311,4
FL7JOEFAL12-BLKB,37,37,5,0311,1
M1RI24J1311-G8K2,L,L,9,0311,5
5523238-23,3,M,3,034,6
5523257-96,4,L,4,034,0
4277007-99,85,100,4,034,4
6463502-22,4,L,4,034,0
6463428-01,3,M,3,034,3
3233528-15,2,S,2,034,0
6483566-14,85B,85B,18,034,0
5523222-17,4,L,4,034,0
6483548-96,85B,85B,18,034,1
6463453-73,4,L,4,034,0
5543593-39,4,L,4,034,0
4663511-70,2,S,2,034,0
6483615-69,95B,95B,26,034,0
5163201-64,39,39,11,034,1
0873889-22,4,L,4,034,0
4276647-99,1,1,7,034,3
6463414-39,3,M,3,034,3
3053071-10,3,M,3,034,2
3703174-29,2,S,2,034,2
5523238-23,4,L,4,034,4
6463434-97,2,S,2,034,1
2543693-65,5,XL,5,034,1
5543597-01,4,L,4,034,1
5523264-66,4,L,4,034,4
4933601-15,5,XL,5,034,0
8697353502125,0,TU,1,035,17
8697353501166,0,TU,1,035,24
8697353506550,0,TU,1,035,9
8697353501128,0,TU,1,035,30
8697353467585,0,TU,1,035,13
8697353424335,0,TU,1,035,2
8697353506888,0,TU,1,035,6
8697353253836,0,TU,1,035,8
8697353459061,0,TU,1,035,19
8697353506758,0,TU,1,035,12
8697353520204,0,TU,1,035,13
8697353487903,0,TU,1,035,17
8697353470059,0,TU,1,035,3
8697353506710,0,TU,1,035,14
8697353506659,0,TU,1,035,15
2221254782360,0,TU,1,035,67
8697353478925,0,TU,1,035,4
8697353376603,0,TU,1,035,2
8697353457326,0,TU,1,035,15
8697353423697,0,TU,1,035,49
8697353476075,0,TU,1,035,0
2221254782384,0,TU,1,035,33
8697353511769,0,TU,1,035,1
8697353554117,0,TU,1,035,0
8697353509568,0,TU,1,035,7
8697353523724,0,TU,1,035,7
8697353543227,0,TU,1,035,10
8697353390128,0,TU,1,035,11
8697353513022,0,TU,1,035,6
8697353390104,0,TU,1,035,62
8697353453304,0,TU,1,035,0
8697353492242,0,TU,1,035,4
8697353424106,0,TU,1,035,3
D02HNA00022-6738,39,39,8,039,0
B254WA00085-8172,24,24,5,039,0
U16DQA085FU-9999,45,45,9,039,0
U25EAE00022-1010,44,44,8,039,1
U25EED00022-4002,41,41,2,039,0
U15BYA0006K-9997,41,41,2,039,2
U742VA043EK-4064,41,41,2,039,0
TEONE-1788,XL,XL,5,040,1
TEONE-700,XXL,XXL,6,040,5
BELINE-956,XXL,XXL,6,040,1
TEONE-1788,M,M,3,040,1
LBENFL8-250,L,L,4,040,1
TEBASE-2216,L,L,4,040,0
NEUNIR-700,L,L,4,040,4
BOCAL-100,44,44,6,040,1
SYNOPSIS-148,44,44,6,040,0
BEAU-572,S,S,2,040,0
TOHENRI-2,34-50,W50 L34 ,22,040,1
BOSKIN4-103,34-46,W46 L34 ,20,040,9
BELINE-700,XXL,XXL,6,040,0
BELINE-1721,XXL,XXL,6,040,1
50463344-001,S,S,1,0413,0
50474497-990,L,L,3,0413,0
50467384-405,M,M,2,0413,0
OW56007-616,ST,ST,1,0511,0
OW11849-0,ST,ST,1,0511,0
OW22851-RG001,ST,ST,1,0511,6
OW22851-R205,ST,ST,1,0511,9
OW32264-0,ST,ST,1,0511,2
OW22931-G,ST,ST,1,0511,0
OWL1011MER-0,ST,ST,1,0511,5
OW32290-0,ST,ST,1,0511,3
OW61148-WHI,ST,ST,1,0511,1
OW32098-208,ST,ST,1,0511,3
OW63215-0,L,L,6,0511,2
OW62091-0,ST,ST,1,0511,1
OW62101-0,ST,ST,1,0511,1
OW62105-G,ST,ST,1,0511,3
OW11704-G,ST,ST,1,0511,1
OW68502-0,ST,ST,1,0511,20
OWL1011QUE-0,ST,ST,1,0511,5
VAA6960L94-742,L,L,6,0515,2
BSA4580344-104,ST,ST,1,0515,5
BTA2590244-250,ST,ST,1,0515,5
BCA7560144-66A,ST,ST,1,0515,1
BSA6980144-171,ST,ST,1,0515,3
BSA6900344-001,ST,ST,1,0515,1
BSA4570144-682,ST,ST,1,0515,8
ASA8410144-019,ST,ST,1,0515,3
PDA5150144-431,ST,ST,1,0515,13
AAA7130194-001,ST,ST,1,0515,1
ANA8060344-939,ST,ST,1,0515,2
BGA5970244-871,ST,ST,1,0515,1
AAA6310544-431,ST,ST,1,0515,1
BSA4600344-001,ST,ST,1,0515,3
BSA6900444-98A,ST,ST,1,0515,1
PDA3350344-633,ST,ST,1,0515,4
AAA7510444-950,ST,ST,1,0515,1
VVA6560194-410,ST,ST,1,0515,0
BSA4570344-104,ST,ST,1,0515,0
BMA7820444-450,ST,ST,1,0515,4
BMA8390344-70Q,ST,ST,1,0515,2
BSA6900244-104,ST,ST,1,0515,5
BMA8060144-499,ST,ST,1,0515,0
BTA5990444-019,ST,ST,1,0515,2
BCA7560244-250,ST,ST,1,0515,2
BSA2570244-104,ST,ST,1,0515,1
BMA7260144-431,ST,ST,1,0515,3
BMA6660144-101,ST,ST,1,0515,3
ANA4770344-488,ST,ST,1,0515,8
APA6720744-70P,ST,ST,1,0515,7
BTA5930244-137,ST,ST,1,0515,2
BSA4880244-001,ST,ST,1,0515,2
BSA6900344-400,ST,ST,1,0515,2
27067110-99,21,M,4,054,1
37020108-OR,21,M,4,054,0
87047884-12,19,XS,2,054,1
87045662-02,21,M,4,054,1
27047878-20,19,XS,2,054,0
27054012-01,34,34,14,054,0
37030250-84,99,BEZ VELICINA,1,054,2
27037128-TM,36,36,2,054,1
37000327-TM,36,36,3,054,1
27095782-14,20,S,3,054,1
77072889-08,21,M,4,054,2
37040357-88,21,M,4,054,2
27097115-52,20,S,3,054,0
37022005-85,20,S,3,054,0
17010103-70,23,XL,6,054,3
17977749-99,23,XL,6,054,0
27981098-02,19,XS,2,054,2
37090255-52,99,BEZ VELICINA,1,054,4
77008263-99,20,S,3,054,2
77935929-99,23,XL,6,054,3
27041116-52,99,BEZ VELICINA,1,054,1
37051270-99,21,M,4,054,1
37061311-99,22,L,5,054,0
17050220-99,20,S,3,054,0
37010419-99,23,XL,6,054,0
87038633-01,20,S,3,054,1
27098644-02,40,40,5,054,2
27021150-40,20,S,3,054,1
87047159-99,21,M,4,054,4
37071297-14,21,M,4,054,0
27056704-99,19,XS,2,054,0
37810456-20,22,L,5,054,0
27062885-99,22,L,5,054,0
27097113-87,19,XS,2,054,0
17050210-99,20,S,3,054,3
37001323-85,22,L,5,054,2
27078636-99,21,M,4,054,0
37020452-42,20,S,3,054,5
37010020-06,22,L,5,054,0
87066707-56,12,12,11,054,0
37050456-32,21,M,4,054,3
17050105-99,21,M,4,054,0
37010046-80,99,BEZ VELICINA,1,054,2
27024012-40,21,M,4,054,0
27085764-06,20,S,3,054,1
27011120-TO,40,40,4,054,2
27038637-37,23,XL,6,054,0
37050424-05,19,XS,2,054,0
37050252-99,21,M,4,054,2
27067116-85,19,XS,2,054,1
37010416-20,20,S,3,054,0
27087877-06,22,L,5,054,0
27077121-TN,40,40,5,054,0
37010020-06,20,S,3,054,2
37860369-02,20,S,3,054,0
27038630-50,20,S,3,054,0
27074005-01,34,34,1,054,0
27071149-43,23,XL,6,054,0
37050462-99,19,XS,2,054,2
17080112-TM,20,S,3,054,1
27011131-TN,40,40,4,054,0
27041091-56,21,M,4,054,0
37070450-99,23,XL,6,054,0
37040357-43,19,XS,2,054,1
27038630-43,20,S,3,054,1
27052879-56,21,M,4,054,4
27034038-52,19,XS,2,054,0
27070662-TM,44,44,6,054,0
27078636-43,21,M,4,054,1
27091154-08,20,S,3,054,1
27087119-01,20,S,3,054,1
37061311-99,21,M,4,054,0
27063255-52,20,S,3,054,0
37960369-20,22,L,5,054,0
27022888-12,19,XS,2,054,0
27044016-83,21,M,4,054,0
77035953-99,20,S,3,054,1
27058637-52,38,38,4,054,0
RPL001761,XL,XL,5,0611,0
RPL001765,M,M,3,0611,1
RPL001598,S,S,2,0611,2
RPL001764,L,L,4,0611,0
068458380029,0,TU,1,011,1
06862128006M,0,TU,1,011,1
06847424228A,0,TU,1,011,0
068432463812A,0,TU,1,011,5
068471809114A,0,TU,1,011,1
06837428338A,0,TU,1,011,1
06828861503M,0,TU,1,011,1
06850461724A,0,TU,1,011,0
068564047414A,0,TU,1,011,0
06856426326A,0,TU,1,011,0
068599832310A,0,TU,1,011,3
06836632748A,0,TU,1,011,0
06851586095A,0,TU,1,011,3
06847454296A,0,TU,1,011,1
06862266329M,0,TU,1,011,1
068531644218M,0,TU,1,011,0
06842745163A,0,TU,1,011,1
068580480010A,0,TU,1,011,0
06608291723M,0,TU,1,011,0
068516030612A,0,TU,1,011,2
068438210027,0,TU,1,011,0
068307583323M,0,TU,1,011,3
06848651725A,0,TU,1,011,2
06864996335A,0,TU,1,011,0
068272690523M,0,TU,1,011,2
06756389168A,0,TU,1,011,0
00916945184A,0,TU,1,011,2
068422207618M,0,TU,1,011,1
06851451155A,0,TU,1,011,1
068483130031/34,0,TU,1,011,0
06857048453M,0,TU,1,011,1
066125583318M,0,TU,1,011,1
068474362112A,0,TU,1,011,1
068431742218M,0,TU,1,011,0
06852468665A,0,TU,1,011,2
00989448188A,0,TU,1,011,0
06832881503M,0,TU,1,011,0
06853224473M,0,TU,1,011,0
068578980010A,0,TU,1,011,1
06847291092/6A,0,TU,1,011,7
068549313823M,0,TU,1,011,0
068699162135/38,0,TU,1,011,0
0092694615T.U,0,TU,1,011,8
06856378005A,0,TU,1,011,0
06847458006A,0,TU,1,011,0
06852468668A,0,TU,1,011,0
06831961006/12M,0,TU,1,011,1
6793421-51,38,38,3,012,0
1333194-19,4,L,4,012,0
7122219-27,3,M,3,012,0
0273602-99,5,XL,5,012,0
0439665-51,44,44,6,012,0
6813151-36,40,40,4,012,2
1333193-96,4,L,4,012,3
1433831-11,3,M,3,012,1
1553692-01,44,44,6,012,0
6793455-55,38,38,3,012,1
0659622-27,3,M,3,012,0
6793443-17,42,42,5,012,0
6833914-94,36,36,2,012,0
2923616-46,5,XL,5,012,1
7953536-29,40,40,4,012,0
7953539-11,38,38,3,012,3
7122226-99,6,XXL,6,012,0
7122219-13,3,M,3,012,2
7952139-98,36,36,2,012,0
0943161-94,7,XXXL,7,012,0
0993377-15,4,L,4,012,0
0593887-57,6,XXL,6,012,0
A292CM,8.5,42,6,017,1
A2BPR-288,XXL,XXL,6,017,0
A2BPR-001,L,L,4,017,9
A2DAHM,8.5,42,6,017,0
A2BYY32-433,32,32,5,017,3
A26N4-433,XL,XL,5,017,4
A5ZX5-001,M,M,3,017,0
1GG7585641Z-TWHT,M,M,7,0311,1
V2GD08FL04P-G5P3,S,S,5,0311,1
M2RP66J1311-JBLK,M,M,7,0311,0
W2RR19Z2V42-G012,S,S,5,0311,1
V2RB02K7UW2-G6M1,S,S,5,0311,3
O1GA54MC03W-JBLK,M,M,7,0311,1
M1RI36I3Z11-G011,M,M,7,0311,3
W2GI31KA0Q1-JBLK,S,S,5,0311,0
HWAILEP1444-SGN,T/U,T/U,1,0311,2
MBRI25KAVR5-G4P2,XL,XL,11,0311,2
HWCB7870760-BRO,T/U,T/U,1,0311,2
6483564-01,95B,95B,26,034,1
6463498-14,2,S,2,034,0
6483542-11,90B,90B,22,034,0
7682867-99,3,3,9,034,5
5691109-99,95,95,6,034,0
4653864-01,90B,90B,22,034,1
6483566-14,95B,95B,26,034,0
6463408-29,4,L,4,034,2
6483485-29,90B,90B,22,034,0
0873837-77,2,S,2,034,0
6463455-69,4,L,4,034,0
6483637-29,85B,85B,18,034,0
6483503-39,100B,100B,30,034,2
6483483-97,90B,90B,22,034,1
6483486-39,100B,100B,30,034,1
2533672-29,2,S,2,034,0
5182700-01,3,3,9,034,3
5523262-20,6,XXL,6,034,1
5690978-99,85,100,4,034,3
6483632-57,90B,90B,22,034,2
5523263-31,5,XL,5,034,3
5523267-23,4,L,4,034,2
6483623-22,90B,90B,22,034,1
8697353423666,0,TU,1,035,18
8697353506857,0,TU,1,035,6
8697353539411,0,TU,1,035,5
8697353260094,0,TU,1,035,2
8697353478437,0,TU,1,035,3
8697353522673,0,TU,1,035,9
8697353511776,0,TU,1,035,1
8697353552168,0,TU,1,035,7
8697353506901,0,TU,1,035,3
8697353531149,0,TU,1,035,0
8697353470134,0,TU,1,035,1
8697353260070,0,TU,1,035,3
8697353510861,0,TU,1,035,2
8697353539428,0,TU,1,035,7
8697353423543,0,TU,1,035,143
8697353507038,0,TU,1,035,11
8697353514470,0,TU,1,035,2
8697353463815,0,TU,1,035,0
8697353538773,0,TU,1,035,2
8697353423499,0,TU,1,035,112
8697353423550,0,TU,1,035,126
8697353502286,0,TU,1,035,18
8697353423598,0,TU,1,035,11
8697353502033,0,TU,1,035,20
8697353511103,0,TU,1,035,2
8697353514500,0,TU,1,035,6
8697353423628,0,TU,1,035,20
8697353274756,0,TU,1,035,0
8697353555114,0,TU,1,035,9
8697353521140,0,TU,1,035,3
8697353454585,0,TU,1,035,7
8697353552847,0,TU,1,035,3
8697353446696,0,TU,1,035,9
8697353554490,0,TU,1,035,11
8697353538780,0,TU,1,035,2
8697353510854,0,TU,1,035,6
U15BYA0006K-4064,42,42,4,039,0
D15PAD022RY-H6A5,40,40,10,039,0
J15AWC0BU85-0899,35,35,10,039,1
U255WA02243-9999,43,43,6,039,0
D25NUD07T85-5Q5K,40,40,10,039,0
M2521GT2600-1603,60,60,10,039,1
U927FA00043-9997,42,42,4,039,0
TEBASE-700,XXL,XXL,6,040,9
MASANTAL1-1,L,L,4,040,2
BOSKIN3-211,34-40,W40 L34 ,17,040,0
TOHENRI-2,34-42,W42 L34 ,18,040,14
BOSTONE25-211,34-44,W44 L34 ,19,040,1
BELINE-700,M,M,3,040,1
BOSKIN1-209,34-46,W46 L34 ,20,040,4
MIKE-2185,M,M,3,040,7
TOHENRI-2,34-46,W46 L34 ,20,040,7
BEBASER-700,XL,XL,5,040,1
BEBOXR-2081,L,L,4,040,1
BEPOLO-250,L,L,4,040,1
TEONE-1852,XL,XL,5,040,3
BUDENS-956,M,M,3,040,4
TEBASE-2114,M,M,3,040,0
TOCHARLES-207,34-40,W40 L34 ,17,040,4
50467578-102,42,42,6,0413,0
50447978-325,L,L,3,0413,0
50425897-199,40,40,2,0413,4
50385627-001,105,105,4,0413,0
50468033-001,L,L,3,0413,0
OW61143-0,ST,ST,1,0511,1
OWL1003PIN-0,ST,ST,1,0511,0
OW55005-0,ST,ST,1,0511,0
OW22073-R,ST,ST,1,0511,21
OW2488-001,L,L,6,0511,2
OW22796-R202,ST,ST,1,0511,10
OW12071-RG,ST,ST,1,0511,0
OW32239-G,ST,ST,1,0511,1
OW61148-BLU,ST,ST,1,0511,3
BCA7560244-621,ST,ST,1,0515,2
BTA2590444-001,ST,ST,1,0515,6
AAA7290344-692,ST,ST,1,0515,1
AKA7540944-499,ST,ST,1,0515,1
ANA6980244-171,ST,ST,1,0515,4
BTA5070644-431,ST,ST,1,0515,0
BTA5070644-600,ST,ST,1,0515,7
BMA8470144-98A,ST,ST,1,0515,8
BMA8390144-70Q,ST,ST,1,0515,5
BMA7210344-692,ST,ST,1,0515,7
BMA7210144-692,ST,ST,1,0515,7
VVA6560194-001,ST,ST,1,0515,1
ANA5790644-50F,ST,ST,1,0515,7
BMA8350144-360,ST,ST,1,0515,5
BTA6530144-31M,ST,ST,1,0515,0
VAA8580L94-001,L,L,6,0515,2
AKA7540444-647,ST,ST,1,0515,4
AAA3440244-939,ST,ST,1,0515,2
ANA5060444-019,ST,ST,1,0515,0
BSA5310144-487,ST,ST,1,0515,1
BSA6900144-104,ST,ST,1,0515,2
PDA3510344-452,ST,ST,1,0515,0
BSA4570244-001,ST,ST,1,0515,2
VAA6960S94-400,S,S,2,0515,1
ANA4640344-001,ST,ST,1,0515,0
BTA5070544-001,ST,ST,1,0515,1
BSA4570244-682,ST,ST,1,0515,3
BSA5370144-682,ST,ST,1,0515,2
87988633-28,20,S,3,054,1
27097757-52,10,10,10,054,0
87049203-02,23,XL,6,054,0
37010020-32,20,S,3,054,4
37051301-99,22,L,5,054,1
77048258-83,22,L,5,054,0
37081280-08,39,39,5,054,0
37041309-70,19,XS,2,054,0
17010103-70,19,XS,2,054,2
37001240-05,22,L,5,054,1
37051297-68,22,L,5,054,1
27004034-OR,99,BEZ VELICINA,1,054,1
27064013-99,22,L,5,054,2
77018260-TN,44,44,6,054,0
27018631-56,20,S,3,054,0
37061316-88,22,L,5,054,2
87039030-50,23,XL,6,054,0
27009078-05,23,XL,6,054,1
77030519-05,20,S,3,054,0
27009403-68,20,S,3,054,2
27005801-99,20,S,3,054,0
37000328-BL,38,38,4,054,4
17810202-99,23,XL,6,054,0
87069059-TM,19,XS,2,054,0
27013706-09,38,38,4,054,0
77014408-08,21,M,4,054,3
37050436-99,23,XL,6,054,0
17081509-02,20,S,3,054,1
87039030-99,19,XS,2,054,1
27058637-52,36,36,3,054,1
27094020-01,21,M,4,054,2
37010020-06,19,XS,2,054,3
27094037-99,22,L,5,054,1
27075766-84,21,M,4,054,1
27057116-05,23,XL,6,054,0
77024010-37,22,L,5,054,0
27047133-99,20,S,3,054,1
27005800-99,22,L,5,054,0
27028630-99,21,M,4,054,0
87067128-99,23,XL,6,054,1
27000886-TN,40,40,4,054,1
27937120-70,23,XL,6,054,0
27055784-05,19,XS,2,054,1
27027126-BL,38,38,4,054,0
37010071-99,21,M,4,054,4
37010472-32,21,M,4,054,1
27028632-TM,21,M,4,054,0
27009078-52,19,XS,2,054,2
17005771-05,23,XL,6,054,1
27907513-94,14,14,12,054,1
27050355-68,20,S,3,054,1
27095799-05,19,XS,2,054,1
27055134-70,36,36,3,054,1
37010419-99,20,S,3,054,0
27011128-TO,46,46,7,054,0
37002004-49,05,5-6,3,054,0
27011123-TO,36,36,2,054,5
37010410-20,20,S,3,054,1
27009078-05,21,M,4,054,3
27076310-99,20,S,3,054,2
37031301-05,19,XS,2,054,1
37000453-46,20,S,3,054,0
27041092-TC,46,46,7,054,1
37050254-70,21,M,4,054,2
37000454-99,20,S,3,054,5
27042518-52,19,XS,2,054,1
27009073-01,21,M,4,054,0
27008649-01,21,M,4,054,0
17051072-88,19,XS,2,054,0
37000125-PL,99,BEZ VELICINA,1,054,3
27095782-14,19,XS,2,054,0
27019049-68,22,L,5,054,2
27009002-85,23,XL,6,054,0
87037159-02,19,XS,2,054,1
87064054-99,20,S,3,054,1
37061315-02,20,S,3,054,3
67005953-PL,34,34,14,054,0
27028644-TM,20,S,3,054,0
RPL001807,XL,XL,5,0611,0
RPL001389,M,M,3,0611,3
RPL001460,M,M,3,0611,1
RPL001805,L,L,4,0611,0
RPL001812,XXL,XXL,6,0611,1
RPL001391,M,M,3,0611,2
06851456385A,0,TU,1,011,1
06847403058A,0,TU,1,011,2
06508038267A,0,TU,1,011,0
06843248028A,0,TU,1,011,3
068307583318M,0,TU,1,011,3
068599832312A,0,TU,1,011,1
06859314429M,0,TU,1,011,1
06756843245A,0,TU,1,011,0
065078243212M,0,TU,1,011,0
068572617210A,0,TU,1,011,0
068699162131/34,0,TU,1,011,0
06851013416A,0,TU,1,011,0
06847152747A,0,TU,1,011,2
00941815187A,0,TU,1,011,0
00900585424A,0,TU,1,011,1
068720151623M,0,TU,1,011,0
068691231712M,0,TU,1,011,0
067563791614A,0,TU,1,011,0
068657063823M,0,TU,1,011,0
067537914512A,0,TU,1,011,0
06840968645A,0,TU,1,011,2
068517833318M,0,TU,1,011,0
06847289912/6A,0,TU,1,011,2
068422480012M,0,TU,1,011,0
06851451158A,0,TU,1,011,0
06756379165A,0,TU,1,011,1
06861991713M,0,TU,1,011,0
068565191512A,0,TU,1,011,0
06823510833A,0,TU,1,011,1
06849428003A,0,TU,1,011,0
06507280746A,0,TU,1,011,1
06828651066M,0,TU,1,011,1
06856693176M,0,TU,1,011,1
067537914514A,0,TU,1,011,0
06828908023M,0,TU,1,011,0
009888430523M,0,TU,1,011,1
0684624446T.U,0,TU,1,011,2
06851601158A,0,TU,1,011,1
066124725812M,0,TU,1,011,0
06847361208A,0,TU,1,011,2
06847436216A,0,TU,1,011,2
068518717123M,0,TU,1,011,3
068595410610A,0,TU,1,011,1
6793432-90,38,38,3,012,1
7953531-01,38,38,3,012,1
6833941-01,38,38,3,012,0
0593882-63,4,L,4,012,0
1253322-11,5,XL,5,012,4
0993382-69,4,L,4,012,0
1463462-84,2,S,2,012,2
0653564-13,4,L,4,012,1
6793434-77,40,40,4,012,0
0999954-66,5,XL,5,012,0
1433841-01,3,M,3,012,1
6813151-36,36,36,2,012,0
6793444-17,40,40,4,012,0
1253340-03,3,M,3,012,0
0083712-30,1,1,1,012,3
7122223-41,4,L,4,012,1
0223713-46,5,XL,5,012,6
0243370-11,5,XL,5,012,2
7122226-01,4,L,4,012,3
1253338-99,5,XL,5,012,0
8863928-23,3,M,3,012,0
1753187-16,36,36,2,012,2
0293313-13,5,XL,5,012,2
6793409-15,36,36,2,012,1
0593890-19,5,XL,5,012,1
0092908-42,3,M,3,012,0
0543013-63,3,M,3,012,0
1553693-51,50,50,9,012,1
8863926-95,3,M,3,012,0
8953897-66,3,M,3,012,1
0123676-85,1,1,1,012,0
7959907-01,36,36,2,012,0
1333194-19,2,S,2,012,0
A2BPR-P47,S,S,2,017,1
A2C2R-A58,S,S,2,017,2
A2BPR-033,S,S,2,017,0
A2DC1-433,M,M,3,017,0
A2EB4-A94,XXL,XXL,6,017,0
A2DFM-A58,32,32,5,017,1
A2BPR-433,L,L,4,017,4
A2DFM-269,38,38,10,017,0
A2DJE-100,M,M,3,017,0
A2EB4-B02,XL,XL,5,017,0
A1XG2W,8,41.5,5,017,2
A2C2R-001,S,S,2,017,1
A2BPR-A58,L,L,4,017,1
A2A4FW,9,43,7,017,0
A2BPR-033,M,M,3,017,1
A2C2R-433,XL,XL,5,017,4
A2EB4-Z16,XL,XL,5,017,0
Z2GD00KB210-G7HQ,XL,XL,11,0311,1
W1YI0ZJ1311-LMGY,L,L,9,0311,0
O1YA42ZZ04M-F9CB,XS/S,XS/S,4,0311,1
W2GH55WEJV0-P61J,S,S,5,0311,0
MBRI25KAVR5-G011,XL,XL,11,0311,2
W2GD33D4K93-PLDK,27,27,5,0311,2
V2RP00MC03W-P9IX,S,S,5,0311,1
6483518-69,90D,90D,24,034,0
5523238-23,2,S,2,034,5
4276698-34,95,95,6,034,3
4276620-01,1,1,7,034,2
4275098-01,95,95,6,034,7
2543682-96,2,S,2,034,0
5523232-96,3,M,3,034,1
5523240-01,2,S,2,034,4
6463498-14,6,XXL,6,034,0
4933569-69,2,S,2,034,1
4663529-03,2,S,2,034,0
6463424-23,4,L,4,034,2
6469361-07,2,S,2,034,2
5523239-74,5,XL,5,034,0
5523221-01,2,S,2,034,3
5523238-23,5,XL,5,034,0
6483503-39,90B,90B,22,034,1
4276434-99,1,1,7,034,2
5543593-39,3,M,3,034,1
6483506-63,95B,95B,26,034,0
4753094-76,5,XL,5,034,0
4653885-46,95B,95B,26,034,2
5523222-17,2,S,2,034,5
5523264-66,2,S,2,034,4
4663512-18,2,S,2,034,1
5523262-20,3,M,3,034,3
5543644-96,4,L,4,034,1
4331931-99,3,3,9,034,3
7682972-34,3,M,3,034,2
6483577-96,100B,100B,30,034,5
4853720-29,4,L,4,034,0
0873823-64,4,L,4,034,0
6463476-96,2,S,2,034,1
6463505-01,4,L,4,034,3
5523221-01,3,M,3,034,5
4552886-99,1,1,7,034,4
5543640-96,5,XL,5,034,0
4653864-01,100B,100B,30,034,2
4933585-98,2,S,2,034,0
4473465-11,3,M,3,034,1
0873847-07,2,S,2,034,0
6463516-57,2,S,2,034,1
4933568-01,2,S,2,034,0
4753105-72,4,L,4,034,1
7682867-99,4,4,11,034,6
8697353409592,0,TU,1,035,2
8697353506871,0,TU,1,035,12
8697353480607,0,TU,1,035,1
8697353424397,0,TU,1,035,3
8697353238932,0,TU,1,035,8
8697353423574,0,TU,1,035,89
8697353423659,0,TU,1,035,72
8697353523731,0,TU,1,035,11
8697353409561,0,TU,1,035,31
8697353374128,0,TU,1,035,35
8697353457302,0,TU,1,035,10
8697353506864,0,TU,1,035,8
8697353552151,0,TU,1,035,9
8697353390098,0,TU,1,035,6
8697353469749,0,TU,1,035,2
8697353494321,0,TU,1,035,0
8697353502149,0,TU,1,035,12
8697353506635,0,TU,1,035,8
8697353470073,0,TU,1,035,3
8697353446030,0,TU,1,035,18
8697353463822,0,TU,1,035,5
8697353487880,0,TU,1,035,13
8697353447037,0,TU,1,035,16
8697353450228,0,TU,1,035,4
8697353501159,0,TU,1,035,89
8697353494161,0,TU,1,035,45
8697353502293,0,TU,1,035,7
8697353512551,0,TU,1,035,3
8697353470103,0,TU,1,035,2
2221254782353,0,TU,1,035,61
8697353259968,0,TU,1,035,0
8697353512438,0,TU,1,035,4
8697353492549,0,TU,1,035,1
8697353470158,0,TU,1,035,3
8697353469770,0,TU,1,035,4
8697353478857,0,TU,1,035,3
8697353494147,0,TU,1,035,46
8697353492297,0,TU,1,035,3
8697353431104,0,TU,1,035,29
8697353393952,0,TU,1,035,8
8697353396540,0,TU,1,035,24
8697353387104,0,TU,1,035,9
U15BYA0006K-4064,43,43,6,039,1
D15GRE021CF-5QB5,39,39,8,039,0
U16DQA085FU-9999,44,44,8,039,1
U25ANB0EK14-1006,44,44,8,039,3
U159XA08522-4002,42,42,4,039,0
U029FB00022-6006,43,43,6,039,0
M2510GT2870-9000,XL,XL,5,039,2
NECETWO-1,L,L,4,040,5
BEDISPLAY-613,L,L,4,040,0
TEBOX-956,M,M,3,040,2
SIWEEK-956,TU,TU,6,040,3
BECARTO-1762,XL,XL,5,040,1
NECETWOML-956,XL,XL,5,040,3
NECETWO-1055,L,L,4,040,0
TOCHARLES-207,34-44,W44 L34 ,19,040,8
NECETWO-1055,XL,XL,5,040,5
NECETWOML-956,M,M,3,040,1
VUBUBBLE-1762,S,S,2,040,1
NEUNIRAY-700,L,L,4,040,1
BEFUTURE-2081,L,L,4,040,0
LBENFLSW1-700,L,L,4,040,1
BEBRIGHT-250,XL,XL,5,040,0
50481138-001,L,L,3,0413,0
50467384-421,S,S,1,0413,0
50425897-199,41,41,3,0413,2
50467556-107,L,L,3,0413,0
50447972-741,L,L,3,0413,1
50471366-606,40,40,2,0413,0
50471359-001,XXL,XXL,5,0413,0
50461907-215,0,TU,1,0413,1
OW56007-719,ST,ST,1,0511,0
OW11030-R,ST,ST,1,0511,9
OW32022-R,ST,ST,1,0511,2
OW63235-0,XL,XL,8,0511,0
OW11025-RG,ST,ST,1,0511,39
OW11340-208,ST,ST,1,0511,3
OW32109-RG,ST,ST,1,0511,3
OW11025-R,ST,ST,1,0511,5
OW62115-0,ST,ST,1,0511,2
PDA5150244-001,ST,ST,1,0515,8
BSA4580344-001,ST,ST,1,0515,5
AAA9480144-70P,ST,ST,1,0515,2
AAA7290344-70Q,ST,ST,1,0515,0
BSA6680144-452,ST,ST,1,0515,0
BTA5930244-871,ST,ST,1,0515,5
BSA4600244-001,ST,ST,1,0515,0
BTA7840144-39E,ST,ST,1,0515,8
BTA7840144-950,ST,ST,1,0515,11
BMA8470144-70P,ST,ST,1,0515,7
VAA6960M94-742,M,M,4,0515,2
BCA7610144-101,ST,ST,1,0515,3
AAA5060844-019,ST,ST,1,0515,1
BSA5270244-210,ST,ST,1,0515,2
AAA7290344-98A,ST,ST,1,0515,2
AAA6311244-431,ST,ST,1,0515,0
ASA7650344-019,ST,ST,1,0515,3
AAA8400144-70Q,ST,ST,1,0515,1
AGA5620144-647,ST,ST,1,0515,2
BSA4570344-98A,ST,ST,1,0515,2
APA3510444-452,ST,ST,1,0515,4
BSA6900244-98A,ST,ST,1,0515,4
BGA5870244-871,ST,ST,1,0515,8
BSA6900444-400,ST,ST,1,0515,2
ANA6040244-66B,ST,ST,1,0515,1
ANA7290244-621,ST,ST,1,0515,6
AAA6311344-431,ST,ST,1,0515,1
APA6720744-250,ST,ST,1,0515,6
APA6720744-98A,ST,ST,1,0515,7
PDA4620244-104,ST,ST,1,0515,4
27083266-92,21,M,4,054,0
87037159-02,21,M,4,054,1
87010030-70,19,XS,2,054,0
87087159-50,19,XS,2,054,1
87968629-99,19,XS,2,054,1
27047878-20,20,S,3,054,0
37960369-20,20,S,3,054,1
27064022-87,20,S,3,054,0
27981098-02,21,M,4,054,0
27058630-99,20,S,3,054,0
37022005-85,21,M,4,054,0
37051270-99,23,XL,6,054,0
27024011-69,21,M,4,054,3
37960369-20,21,M,4,054,0
87039030-01,22,L,5,054,0
17024056-05,22,L,5,054,0
37040781-32,99,BEZ VELICINA,1,054,2
27088631-02,23,XL,6,054,0
27044388-06,12,12,11,054,0
87037160-02,20,S,3,054,3
37002004-49,12,12,11,054,1
17050210-01,20,S,3,054,2
27047133-08,19,XS,2,054,0
37040048-02,99,BEZ VELICINA,1,054,2
27035767-32,99,BEZ VELICINA,1,054,10
27015917-PL,99,BEZ VELICINA,1,054,1
77027640-52,21,M,4,054,1
37040112-OR,99,BEZ VELICINA,1,054,3
17971080-85,21,M,4,054,1
27050350-99,21,M,4,054,9
17010262-99,22,L,5,054,2
27009076-01,21,M,4,054,1
37000327-TM,40,40,5,054,0
27009072-99,20,S,3,054,1
27047118-99,23,XL,6,054,0
37022506-02,21,M,4,054,5
87048630-99,23,XL,6,054,0
77035929-09,23,XL,6,054,0
37050252-74,20,S,3,054,1
27065759-43,20,S,3,054,0
37041307-99,20,S,3,054,0
37081280-08,37,37,3,054,2
17010262-99,23,XL,6,054,1
27071146-30,20,S,3,054,1
27018636-55,22,L,5,054,0
37001054-30,20,S,3,054,0
27098636-88,23,XL,6,054,0
27014042-05,22,L,5,054,2
37000578-99,39,39,5,054,0
27025773-99,22,L,5,054,0
87079037-12,20,S,3,054,0
37061314-43,20,S,3,054,2
27057116-05,21,M,4,054,0
17000561-TC,36,36,3,054,2
37011317-70,20,S,3,054,1
37071311-02,21,M,4,054,2
27005791-01,21,M,4,054,0
17092879-TN,14,14,12,054,0
37021290-TC,36,36,2,054,7
37000454-43,21,M,4,054,0
37000454-99,22,L,5,054,0
27004014-56,19,XS,2,054,0
27057131-12,23,XL,6,054,1
27053254-02,40,40,5,054,0
27002513-09,99,BEZ VELICINA,1,054,3
87005666-01,23,XL,6,054,1
27019049-68,19,XS,2,054,3
27009078-05,22,L,5,054,1
17082011-05,19,XS,2,054,0
37072503-05,12,12,11,054,0
27094016-85,22,L,5,054,1
27054024-99,19,XS,2,054,2
27087877-23,22,L,5,054,0
87070540-99,19,XS,2,054,1
27022535-43,21,M,4,054,1
27001301-99,21,M,4,054,1
37010388-05,20,S,3,054,2
87087158-10,21,M,4,054,1
37001059-82,10,10,10,054,1
RPL001546,L,L,4,0611,0
RPL001762,M,M,3,0611,2
RPL001454,S,S,2,0611,1
RPL001548,M,M,3,0611,2
RPL001551,M,M,3,0611,0
RPL001487,S,S,2,0611,3
RPL001630,45,45,6,0611,0
